Phase,Blue,Red,Score,Winner,Patch,BB1,RB1,BB2,RB2,BB3,RB3,BP1,RP1,RP2,BP2,BP3,RP3,RB4,BB4,RB5,BB5,RP4,BP4,BP5,RP5,BR1,BR2,BR3,BR4,BR5,RR1,RR2,RR3,RR4,RR5,SB,VOD
Week 9,KT Rolster,DRX,2 - 0,1,13.5,Lee Sin,Annie,LeBlanc,Varus,Caitlyn,Elise,Zeri,Sejuani,Jayce,Lulu,Vi,Xayah,Renekton,Rakan,Kennen,Jax,Rell,K'Sante,Veigar,Yone,Bot,Support,Jungle,Top,Mid,Jungle,Top,Bot,Support,Mid,SB,https://www.youtube.com/live/u0dX4Y1DVhs?feature=share&t=13743
Week 9,KT Rolster,DRX,1 - 0,1,13.5,Lee Sin,Annie,LeBlanc,Caitlyn,Elise,Varus,Zeri,Rakan,Wukong,Sejuani,Lulu,Xayah,Yone,K'Sante,Jayce,Ahri,Taliyah,Veigar,Renekton,Jax,Bot,Jungle,Support,Mid,Top,Support,Jungle,Bot,Mid,Top,SB,https://www.youtube.com/live/u0dX4Y1DVhs?feature=share&t=10826
Week 9,Nongshim RedForce,T1,0 - 2,2,13.5,Ashe,K'Sante,Caitlyn,Annie,Jayce,Rakan,Lee Sin,Lucian,Kennen,Zeri,Lulu,Nami,LeBlanc,Vi,Taliyah,Elise,Wukong,Maokai,Ahri,Lissandra,Jungle,Bot,Support,Top,Mid,Bot,Top,Support,Jungle,Mid,SB,https://www.youtube.com/live/u0dX4Y1DVhs?feature=share&t=4603
Week 9,T1,Nongshim RedForce,1 - 0,1,13.5,K'Sante,Annie,Rakan,Ashe,Lee Sin,Jayce,Kennen,LeBlanc,Sejuani,Caitlyn,Lux,Veigar,Elise,Blitzcrank,Vi,Varus,Lucian,Kassadin,Wukong,Nami,Top,Bot,Support,Mid,Jungle,Top,Jungle,Mid,Bot,Support,SB,https://www.youtube.com/live/u0dX4Y1DVhs?feature=share&t=1825
Week 9,Gen.G,Dplus KIA,2 - 0,1,13.5,Caitlyn,K'Sante,Lucian,Annie,Varus,Zeri,Jayce,Kennen,Ashe,Maokai,Yone,LeBlanc,Draven,Vi,Rakan,Heimerdinger,Xin Zhao,Ziggs,Leona,Sivir,Top,Jungle,Mid,Bot,Support,Top,Support,Mid,Jungle,Bot,SB,https://www.youtube.com/live/HEGvn-90SMo?feature=share&t=18687
Week 9,Gen.G,Dplus KIA,1 - 0,1,13.5,Caitlyn,K'Sante,Lucian,Varus,Ashe,Annie,Jayce,Kennen,Lee Sin,Maokai,Zeri,LeBlanc,Lissandra,Karma,Veigar,Thresh,Jinx,Rakan,Yone,Renata Glasc,Top,Jungle,Bot,Support,Mid,Top,Jungle,Mid,Bot,Support,SB,https://www.youtube.com/live/HEGvn-90SMo?feature=share&t=15714
Week 9,Hanwha Life Esports,Liiv SANDBOX,02월 01일,1,13.5,Sejuani,Lucian,Caitlyn,Annie,Wukong,Kennen,Varus,Lee Sin,Jayce,Vi,Heimerdinger,Sylas,LeBlanc,Karma,Taliyah,Ashe,Samira,Ahri,Gragas,Rell,Bot,Jungle,Support,Mid,Top,Jungle,Top,Mid,Bot,Support,SB,https://www.youtube.com/live/HEGvn-90SMo?feature=share&t=8347
Week 9,Liiv SANDBOX,Hanwha Life Esports,01월 01일,1,13.5,Elise,Annie,Zeri,Varus,Ashe,Caitlyn,Wukong,Rakan,Lee Sin,Jinx,Thresh,Xayah,Gragas,LeBlanc,Taliyah,Veigar,Kennen,Jayce,Ahri,Lissandra,Jungle,Bot,Support,Top,Mid,Support,Jungle,Bot,Top,Mid,SB,https://www.youtube.com/live/HEGvn-90SMo?feature=share&t=5034
Week 9,Hanwha Life Esports,Liiv SANDBOX,1 - 0,1,13.5,Sejuani,Lucian,Caitlyn,Annie,Wukong,Varus,Lee Sin,Viego,Zeri,Xayah,Rakan,Renata Glasc,LeBlanc,Sylas,Kennen,Jax,Taliyah,Veigar,K'Sante,Gnar,Jungle,Bot,Support,Mid,Top,Jungle,Bot,Support,Mid,Top,SB,https://www.youtube.com/live/HEGvn-90SMo?feature=share&t=1851
Week 9,BRION,Nongshim RedForce,0 - 2,2,13.5,K'Sante,Annie,Taliyah,Caitlyn,Ashe,Varus,Lee Sin,Xayah,Viego,Zeri,Lulu,Rakan,LeBlanc,Ryze,Ahri,Syndra,Veigar,Renekton,Sylas,Darius,Jungle,Bot,Support,Top,Mid,Bot,Jungle,Support,Mid,Top,SB,https://www.youtube.com/live/1gAVLwmcCaY?feature=share&t=15418
Week 9,BRION,Nongshim RedForce,0 - 1,2,13.5,LeBlanc,Annie,Elise,Caitlyn,Ashe,Akali,Varus,K'Sante,Lee Sin,Renekton,Viego,Taliyah,Ahri,Thresh,Heimerdinger,Rakan,Zeri,Veigar,Karma,Lulu,Bot,Top,Jungle,Mid,Support,Top,Jungle,Mid,Bot,Support,SB,https://www.youtube.com/live/1gAVLwmcCaY?feature=share&t=11986
Week 9,Kwangdong Freecs,KT Rolster,0 - 2,2,13.5,Elise,Annie,Varus,K'Sante,Karma,Ashe,Sejuani,Caitlyn,Wukong,Jinx,Leona,Lux,Yone,Kennen,Jax,Veigar,Jayce,Renekton,Aurelion Sol,Taliyah,Jungle,Bot,Support,Top,Mid,Bot,Jungle,Support,Top,Mid,SB,https://www.youtube.com/live/1gAVLwmcCaY?feature=share&t=5267
Week 9,Kwangdong Freecs,KT Rolster,0 - 1,2,13.5,Elise,Annie,Karma,K'Sante,Varus,Ashe,Caitlyn,Jinx,Sejuani,Lux,Wukong,Blitzcrank,Ahri,Yone,LeBlanc,Kennen,Renekton,Taliyah,Gnar,Veigar,Bot,Support,Jungle,Mid,Top,Bot,Jungle,Support,Top,Mid,SB,https://www.youtube.com/live/1gAVLwmcCaY?feature=share&t=1835
Week 9,Hanwha Life Esports,Gen.G,0 - 2,2,13.5,Jayce,Caitlyn,Elise,Annie,Sejuani,Varus,Kennen,Zeri,Gragas,Xayah,Rakan,Lulu,Vi,Veigar,LeBlanc,Taliyah,Maokai,Lee Sin,Ahri,K'Sante,Top,Bot,Support,Jungle,Mid,Bot,Top,Support,Jungle,Mid,SB,https://www.youtube.com/live/-Wv4O_sDgDE?feature=share&t=14425
Week 9,Hanwha Life Esports,Gen.G,0 - 1,2,13.5,Jayce,Caitlyn,Elise,Annie,Kennen,Varus,Ashe,Zeri,Sejuani,Vi,Draven,Leona,Renekton,Yone,Gragas,Jax,Gnar,K'Sante,Sylas,Taliyah,Support,Jungle,Bot,Top,Mid,Bot,Jungle,Support,Top,Mid,SB,https://www.youtube.com/live/-Wv4O_sDgDE?feature=share&t=11395
Week 9,Dplus KIA,T1,0 - 2,2,13.5,Jayce,Annie,Kennen,Ashe,Varus,Lucian,Lee Sin,Caitlyn,Lux,Ezreal,Karma,Viego,Renekton,Ahri,Veigar,Lissandra,LeBlanc,Taliyah,K'Sante,Gnar,Jungle,Bot,Support,Mid,Top,Bot,Support,Jungle,Mid,Top,SB,https://www.youtube.com/live/-Wv4O_sDgDE?feature=share&t=4903
Week 9,Dplus KIA,T1,0 - 1,2,13.5,Jayce,Annie,Caitlyn,Ashe,Varus,Lucian,Lee Sin,Kennen,Jinx,Xayah,Rakan,Thresh,Gnar,Wukong,Sion,Viego,Xin Zhao,Veigar,K'Sante,Ahri,Jungle,Bot,Support,Mid,Top,Top,Bot,Support,Jungle,Mid,SB,https://www.youtube.com/live/-Wv4O_sDgDE?feature=share&t=1871
Week 9,BRION,Liiv SANDBOX,0 - 2,2,13.5,Varus,Renekton,Ashe,Annie,Wukong,Jinx,K'Sante,Aphelios,Lee Sin,Lucian,Nami,Nautilus,Sejuani,LeBlanc,Vi,Jayce,Jax,Veigar,Poppy,Taliyah,Top,Bot,Support,Mid,Jungle,Bot,Jungle,Support,Top,Mid,SB,https://www.youtube.com/live/JUGcq1liX08?feature=share&t=19048
Week 9,Liiv SANDBOX,BRION,1 - 0,1,13.5,Renekton,Wukong,Zeri,Annie,Rakan,Jayce,Varus,Lucian,Lee Sin,Ashe,K'Sante,Nami,Elise,Gwen,Viego,LeBlanc,Gnar,Sejuani,Sylas,Veigar,Bot,Support,Top,Jungle,Mid,Bot,Jungle,Support,Top,Mid,SB,https://www.youtube.com/live/JUGcq1liX08?feature=share&t=15895
Week 9,Kwangdong Freecs,DRX,02월 01일,1,13.5,Elise,Annie,Karma,Caitlyn,Lee Sin,Varus,Ashe,Rakan,Wukong,Veigar,Viego,Ahri,Heimerdinger,Xayah,Lissandra,Tristana,Zeri,K'Sante,Seraphine,Gnar,Bot,Mid,Jungle,Top,Support,Support,Jungle,Mid,Bot,Top,SB,https://www.youtube.com/live/JUGcq1liX08?feature=share&t=9631
Week 9,Kwangdong Freecs,DRX,01월 01일,2,13.5,Elise,Annie,Karma,Caitlyn,Varus,Ashe,Jayce,Lee Sin,Rakan,Wukong,Taliyah,LeBlanc,Lucian,Xayah,Renata Glasc,Tristana,Renekton,Zeri,Lulu,Kai'Sa,Top,Jungle,Mid,Bot,Support,Jungle,Support,Mid,Top,Bot,SB,https://www.youtube.com/live/JUGcq1liX08?feature=share&t=6441
Week 9,Kwangdong Freecs,DRX,1 - 0,1,13.5,Elise,Annie,Karma,Gragas,Varus,Ashe,Caitlyn,Jinx,Lee Sin,Lux,Wukong,Leona,Aurelion Sol,LeBlanc,Viktor,Akali,Veigar,Taliyah,K'Sante,Fiora,Bot,Support,Jungle,Mid,Top,Bot,Jungle,Support,Mid,Top,SB,https://www.youtube.com/live/JUGcq1liX08?feature=share&t=2652
Week 8,Gen.G,Kwangdong Freecs,01월 02일,2,13.4,Sejuani,Elise,Gragas,Caitlyn,Annie,Jarvan IV,Varus,Jayce,Ashe,Lee Sin,Veigar,Ezreal,Karma,Wukong,Nautilus,Maokai,Vi,Jax,Kalista,Aurelion Sol,Bot,Jungle,Mid,Top,Support,Top,Support,Bot,Jungle,Mid,SB,https://www.youtube.com/live/h855QfhuOcM?feature=share&t=21268
Week 8,Kwangdong Freecs,Gen.G,01월 01일,1,13.4,Elise,Annie,Karma,Varus,Ashe,Caitlyn,Gragas,Lucian,Nami,Zeri,Lulu,Vi,Wukong,Jayce,Lee Sin,Renekton,Veigar,Sejuani,Yone,K'Sante,Top,Bot,Support,Jungle,Mid,Bot,Support,Jungle,Mid,Top,SB,https://www.youtube.com/live/h855QfhuOcM?feature=share&t=17608
Week 8,Gen.G,Kwangdong Freecs,1 - 0,1,13.4,Sejuani,Elise,Xayah,Caitlyn,Annie,Jayce,Varus,Ashe,Gragas,Lee Sin,Veigar,Wukong,Karma,Ezreal,Kalista,Zeri,Sivir,Jarvan IV,K'Sante,Renekton,Bot,Jungle,Mid,Support,Top,Support,Mid,Jungle,Bot,Top,SB,https://www.youtube.com/live/h855QfhuOcM?feature=share&t=14425
Week 8,BRION,Dplus KIA,01월 02일,2,13.4,Caitlyn,Annie,Ashe,K'Sante,Lucian,Varus,Renekton,Draven,Lee Sin,Xayah,Rakan,Renata Glasc,Elise,LeBlanc,Wukong,Veigar,Sion,Vi,Ahri,Taliyah,Top,Bot,Support,Jungle,Mid,Bot,Jungle,Support,Top,Mid,SB,https://www.youtube.com/live/h855QfhuOcM?feature=share&t=8239
Week 8,Dplus KIA,BRION,01월 01일,1,13.4,Varus,Annie,Gragas,Ashe,K'Sante,Caitlyn,Lucian,Lee Sin,Zeri,Nami,Jayce,Lulu,Veigar,Renekton,Elise,Akali,Azir,Wukong,LeBlanc,Irelia,Bot,Support,Top,Jungle,Mid,Jungle,Bot,Support,Mid,Top,SB,https://www.youtube.com/live/h855QfhuOcM?feature=share&t=5405
Week 8,Dplus KIA,BRION,0 - 1,2,13.4,Varus,Annie,Rakan,Ashe,Renekton,Caitlyn,Lucian,Zeri,Lee Sin,Nami,Jayce,Lulu,Veigar,Taliyah,Elise,Gragas,K'Sante,Syndra,Vi,Akali,Bot,Support,Top,Mid,Jungle,Bot,Jungle,Support,Top,Mid,SB,https://www.youtube.com/live/h855QfhuOcM?feature=share&t=1777
Week 8,T1,Hanwha Life Esports,02월 01일,1,13.4,Jayce,Annie,Draven,Caitlyn,Rakan,Ashe,Lucian,Zeri,Vi,Nami,Azir,Lulu,Wukong,Taliyah,Lee Sin,Akali,Viktor,Gnar,Nocturne,K'Sante,Bot,Support,Mid,Top,Jungle,Bot,Jungle,Support,Mid,Top,SB,https://www.youtube.com/live/RxTP9b_O-HM?feature=share&t=22324
Week 8,T1,Hanwha Life Esports,01월 01일,1,13.4,Jayce,Annie,Karma,Caitlyn,Draven,Ashe,Lucian,Wukong,Rakan,Nami,Lee Sin,Xayah,Azir,Taliyah,LeBlanc,Ornn,Gragas,Ahri,K'Sante,Akali,Bot,Support,Jungle,Mid,Top,Jungle,Support,Bot,Top,Mid,SB,https://www.youtube.com/live/RxTP9b_O-HM?feature=share&t=18802
Week 8,T1,Hanwha Life Esports,0 - 1,2,13.4,Vi,Annie,Jayce,Ashe,Akali,Caitlyn,Lucian,Nami,Wukong,Lee Sin,Sona,Draven,Jax,Ornn,Gragas,Gnar,K'Sante,Azir,Renekton,Taliyah,Bot,Jungle,Support,Mid,Top,Support,Jungle,Bot,Top,Mid,SB,https://www.youtube.com/live/RxTP9b_O-HM?feature=share&t=15033
Week 8,DRX,Liiv SANDBOX,01월 02일,2,13.4,Jayce,Annie,Lucian,Ashe,Karma,Vi,Caitlyn,Varus,Wukong,Lux,Lee Sin,Leona,Renekton,Jax,LeBlanc,Ahri,Fiora,Gragas,Akali,Sylas,Bot,Support,Jungle,Mid,Top,Bot,Jungle,Support,Top,Mid,SB,https://www.youtube.com/live/RxTP9b_O-HM?feature=share&t=9192
Week 8,DRX,Liiv SANDBOX,01월 01일,2,13.4,Jayce,Annie,Lucian,Ashe,Caitlyn,Gragas,Rakan,Varus,Wukong,Xayah,Vi,Renata Glasc,Renekton,Gnar,Ahri,Azir,Jax,Illaoi,Akali,LeBlanc,Support,Bot,Jungle,Top,Mid,Bot,Jungle,Support,Top,Mid,SB,https://www.youtube.com/live/RxTP9b_O-HM?feature=share&t=6194
Week 8,Liiv SANDBOX,DRX,0 - 1,2,13.4,Gragas,Annie,Jayce,Ashe,Renekton,Caitlyn,Lucian,Rakan,Wukong,Vi,Nami,Xayah,Ahri,Jax,Akali,Lee Sin,Azir,Gnar,Taliyah,Sylas,Bot,Jungle,Support,Top,Mid,Support,Jungle,Bot,Mid,Top,SB,https://www.youtube.com/live/RxTP9b_O-HM?feature=share&t=2428
Week 8,BRION,KT Rolster,0 - 2,2,13.4,Karma,Annie,Sejuani,Varus,Ashe,Renekton,Gragas,Zeri,Azir,Aphelios,Thresh,Blitzcrank,Akali,Jayce,Wukong,K'Sante,Viego,Gnar,Lee Sin,Gangplank,Mid,Bot,Support,Top,Jungle,Bot,Mid,Support,Jungle,Top,SB,https://www.youtube.com/live/tvmrFY2cEhU?feature=share&t=13860
Week 8,BRION,KT Rolster,0 - 1,2,13.4,Karma,Annie,Sejuani,Varus,Ashe,Renekton,Gragas,Aphelios,Vi,Xayah,Rakan,Thresh,Akali,Jayce,Wukong,Azir,K'Sante,Sion,Lee Sin,Taliyah,Mid,Bot,Support,Top,Jungle,Bot,Jungle,Support,Top,Mid,SB,https://www.youtube.com/live/tvmrFY2cEhU?feature=share&t=10767
Week 8,Nongshim RedForce,Dplus KIA,0 - 2,2,13.4,Ashe,Annie,Lucian,K'Sante,Caitlyn,Elise,Gragas,Karma,Lee Sin,Zeri,Lulu,Varus,Wukong,LeBlanc,Ahri,Jayce,Renekton,Vi,Darius,Kennen,Mid,Bot,Support,Jungle,Top,Support,Jungle,Bot,Mid,Top,SB,https://www.youtube.com/live/tvmrFY2cEhU?feature=share&t=4622
Week 8,Dplus KIA,Nongshim RedForce,1 - 0,1,13.4,K'Sante,Caitlyn,Varus,Lucian,Rakan,Annie,Ashe,Jayce,Elise,Lee Sin,Sion,Fiora,Renekton,Samira,LeBlanc,Draven,Nautilus,Veigar,Heimerdinger,Aphelios,Bot,Jungle,Top,Mid,Support,Mid,Jungle,Top,Support,Bot,SB,https://www.youtube.com/live/tvmrFY2cEhU?feature=share&t=1811
Week 8,DRX,T1,0 - 2,2,13.4,Lucian,Annie,Caitlyn,Rakan,Varus,Ashe,Sejuani,Jayce,Gragas,Zeri,Lulu,Lee Sin,Ahri,Aphelios,Wukong,Draven,Cho'Gath,Taliyah,Viego,Senna,Top,Bot,Support,Mid,Jungle,Top,Mid,Jungle,Bot,Support,SB,https://www.youtube.com/live/fmzSpTuegpU?feature=share&t=13648
Week 8,T1,DRX,1 - 0,1,13.4,Gragas,Caitlyn,Jayce,Ashe,Rakan,Annie,Lucian,Zeri,Sejuani,Vi,Nami,Lulu,Ahri,Taliyah,LeBlanc,Jax,Renekton,Gnar,Azir,Sylas,Bot,Jungle,Support,Top,Mid,Bot,Jungle,Support,Top,Mid,SB,https://www.youtube.com/live/fmzSpTuegpU?feature=share&t=10913
Week 8,Liiv SANDBOX,Gen.G,0 - 2,2,13.4,Jayce,Annie,Draven,Ashe,Caitlyn,Varus,Lucian,Aphelios,Elise,Nami,Azir,Thresh,Sejuani,Renekton,Gragas,K'Sante,Jax,Sion,Lee Sin,Yone,Bot,Support,Mid,Top,Jungle,Bot,Jungle,Support,Top,Mid,SB,https://www.youtube.com/live/fmzSpTuegpU?feature=share&t=4783
Week 8,Gen.G,Liiv SANDBOX,1 - 0,1,13.4,Lucian,Draven,Caitlyn,Elise,Ashe,Annie,Varus,Zeri,Sejuani,Jayce,Karma,Lulu,Wukong,Irelia,Maokai,Renekton,K'Sante,Vi,Taliyah,Akali,Bot,Top,Support,Jungle,Mid,Bot,Jungle,Support,Top,Mid,SB,https://www.youtube.com/live/fmzSpTuegpU?feature=share&t=1895
Week 8,KT Rolster,Hanwha Life Esports,02월 01일,1,13.4,Lucian,Sejuani,Akali,Annie,Zeri,Ashe,Varus,Elise,Draven,Renekton,Azir,Jayce,Viego,Renata Glasc,Vi,Ornn,Gnar,Leona,Wukong,Braum,Bot,Top,Mid,Support,Jungle,Jungle,Bot,Mid,Top,Support,SB,https://www.youtube.com/live/eJKwuOGEGHE?feature=share&t=22461
Week 8,Hanwha Life Esports,KT Rolster,01월 01일,1,13.4,Sejuani,Elise,Varus,Lucian,Karma,Lee Sin,Annie,Ashe,Viego,Wukong,Jax,Gragas,Nautilus,Taliyah,Blitzcrank,Jayce,Caitlyn,Samira,Jarvan IV,Gangplank,Mid,Jungle,Top,Bot,Support,Support,Jungle,Mid,Bot,Top,SB,https://www.youtube.com/live/eJKwuOGEGHE?feature=share&t=18907
Week 8,KT Rolster,Hanwha Life Esports,1 - 0,1,13.4,Lucian,Sejuani,Akali,Caitlyn,Varus,Ashe,Annie,Zeri,Vi,Viego,Xayah,Lulu,Jax,Gragas,Taliyah,Viktor,Azir,Renekton,Blitzcrank,K'Sante,Mid,Jungle,Bot,Top,Support,Bot,Jungle,Support,Mid,Top,SB,https://www.youtube.com/live/eJKwuOGEGHE?feature=share&t=15433
Week 8,Kwangdong Freecs,Nongshim RedForce,02월 01일,1,13.4,Elise,Ashe,Karma,Annie,K'Sante,Caitlyn,Gragas,Xayah,Wukong,Aphelios,Thresh,Rakan,Fiora,Ahri,Jayce,Azir,Jax,Lee Sin,Taliyah,LeBlanc,Top,Bot,Support,Jungle,Mid,Bot,Jungle,Support,Top,Mid,SB,https://www.youtube.com/live/eJKwuOGEGHE?feature=share&t=9446
Week 8,Nongshim RedForce,Kwangdong Freecs,01월 01일,1,13.4,Ashe,Elise,Sejuani,Karma,Fiora,Caitlyn,Annie,Zeri,Jayce,Xayah,Rakan,Lulu,Vi,Gragas,Lee Sin,Aurelion Sol,Maokai,Wukong,K'Sante,Taliyah,Mid,Bot,Support,Jungle,Top,Bot,Top,Support,Jungle,Mid,SB,https://www.youtube.com/live/eJKwuOGEGHE?feature=share&t=6157
Week 8,Kwangdong Freecs,Nongshim RedForce,1 - 0,1,13.4,Elise,Ashe,Karma,Annie,K'Sante,Caitlyn,Gragas,Zeri,Sejuani,Xayah,Rakan,Lulu,Fiora,Sylas,Jax,Jayce,Wukong,Renekton,Lee Sin,Ahri,Mid,Bot,Support,Top,Jungle,Bot,Top,Support,Jungle,Mid,SB,https://www.youtube.com/live/eJKwuOGEGHE?feature=share&t=2758
Week 7,Gen.G,BRION,2 - 0,1,13.4,Lucian,Elise,Karma,Ashe,Caitlyn,Varus,Annie,Gragas,Jayce,Aphelios,Thresh,Lee Sin,Irelia,Xayah,Renekton,Zeri,Jinx,Viego,Sejuani,Rakan,Mid,Bot,Support,Jungle,Top,Mid,Top,Jungle,Bot,Support,SB,https://www.youtube.com/live/cJDzKsdte1M?feature=share&t=14122
Week 7,BRION,Gen.G,0 - 1,2,13.4,Karma,Lucian,Varus,Ashe,Annie,Caitlyn,Zeri,Jayce,Elise,Gragas,Lulu,K'Sante,Renekton,Xayah,Lee Sin,Aphelios,Draven,Sejuani,Jax,Nautilus,Bot,Mid,Support,Jungle,Top,Top,Jungle,Mid,Bot,Support,SB,https://www.youtube.com/live/cJDzKsdte1M?feature=share&t=11419
Week 7,Liiv SANDBOX,KT Rolster,0 - 2,2,13.4,Karma,Lucian,Annie,Ashe,Caitlyn,Varus,Sejuani,Wukong,Renekton,Azir,Gnar,Taliyah,Aphelios,Draven,Xayah,Ezreal,Zeri,Jinx,Tahm Kench,Lulu,Jungle,Mid,Top,Bot,Support,Jungle,Top,Mid,Bot,Support,SB,https://www.youtube.com/live/cJDzKsdte1M?feature=share&t=5618
Week 7,Liiv SANDBOX,KT Rolster,0 - 1,2,13.4,Sejuani,Lucian,Gragas,Varus,Ashe,Annie,Caitlyn,Karma,Wukong,Lux,Jayce,Ezreal,Elise,Renekton,Nidalee,Lissandra,Azir,Akali,Vi,Ornn,Bot,Support,Top,Mid,Jungle,Support,Jungle,Bot,Mid,Top,SB,https://www.youtube.com/live/cJDzKsdte1M?feature=share&t=2415
Week 7,DRX,Nongshim RedForce,02월 01일,1,13.4,K'Sante,Ashe,Karma,Annie,Sejuani,Caitlyn,Lee Sin,Lucian,Nami,Zeri,Lulu,Wukong,Vi,Gragas,Jax,Ahri,Renekton,Ornn,LeBlanc,Lissandra,Jungle,Bot,Support,Top,Mid,Bot,Support,Jungle,Top,Mid,SB,https://www.youtube.com/live/tshwthuYOAE?feature=share&t=18854
Week 7,Nongshim RedForce,DRX,01월 01일,1,13.4,Ashe,Annie,Caitlyn,Karma,Varus,Lucian,K'Sante,Zeri,Sejuani,Xayah,Rakan,Renata Glasc,Wukong,Fiora,Viego,Jax,Lee Sin,Vi,Gragas,Akali,Top,Bot,Support,Jungle,Mid,Bot,Jungle,Support,Top,Mid,SB,https://www.youtube.com/live/tshwthuYOAE?feature=share&t=15352
Week 7,Nongshim RedForce,DRX,0 - 1,2,13.4,Ashe,Annie,Caitlyn,Karma,Varus,Lucian,Zeri,Sejuani,Tristana,Lulu,Wukong,Rell,K'Sante,Gragas,Gangplank,Jayce,Jax,Renekton,Akali,Taliyah,Bot,Support,Jungle,Top,Mid,Jungle,Bot,Support,Top,Mid,SB,https://www.youtube.com/live/tshwthuYOAE?feature=share&t=11997
Week 7,Hanwha Life Esports,Dplus KIA,0 - 2,2,13.4,Ashe,Elise,Caitlyn,Gnar,Annie,Wukong,Lee Sin,Lucian,Nami,Zeri,Lulu,Jayce,Akali,Sejuani,Gragas,Renekton,Viego,Ornn,LeBlanc,Lissandra,Jungle,Bot,Support,Top,Mid,Bot,Support,Top,Jungle,Mid,SB,https://www.youtube.com/live/tshwthuYOAE?feature=share&t=5893
Week 7,Hanwha Life Esports,Dplus KIA,0 - 1,2,13.4,Karma,Elise,Varus,Gnar,Ashe,Akali,Caitlyn,Annie,Lee Sin,Gragas,Jayce,Jinx,Lux,Renekton,Wukong,Ornn,Sion,Heimerdinger,Vi,Kalista,Bot,Mid,Top,Support,Jungle,Mid,Jungle,Bot,Top,Support,SB,https://www.youtube.com/live/tshwthuYOAE?feature=share&t=2444
Week 7,T1,BRION,2 - 0,1,13.4,Karma,Caitlyn,Annie,Ashe,Zeri,Lucian,Varus,Jayce,Gragas,Sejuani,Azir,Renekton,Gnar,Xayah,Kalista,Ziggs,Aphelios,Renata Glasc,Viego,Soraka,Bot,Top,Mid,Support,Jungle,Mid,Jungle,Top,Bot,Support,SB,https://www.youtube.com/live/ZHGejJd2Igs?feature=share&t=18087
Week 7,BRION,T1,0 - 1,2,13.4,Ashe,Annie,Jayce,Lucian,Varus,Caitlyn,Zeri,Aphelios,Gragas,Sejuani,Lulu,Thresh,Renekton,Lee Sin,Azir,Vi,Wukong,Fiora,Akali,Gnar,Bot,Jungle,Support,Top,Mid,Bot,Mid,Support,Jungle,Top,SB,https://www.youtube.com/live/ZHGejJd2Igs?feature=share&t=15438
Week 7,Liiv SANDBOX,Kwangdong Freecs,01월 02일,2,13.4,Sejuani,Caitlyn,Karma,Lucian,Annie,Ashe,Varus,Zeri,Wukong,Heimerdinger,Jayce,Lulu,Elise,K'Sante,Vi,Renekton,Gragas,Maokai,Jax,Ahri,Bot,Support,Mid,Jungle,Top,Bot,Jungle,Support,Top,Mid,SB,https://www.youtube.com/live/ZHGejJd2Igs?feature=share&t=9327
Week 7,Kwangdong Freecs,Liiv SANDBOX,01월 01일,1,13.4,Jayce,Annie,Karma,Ashe,Caitlyn,Sejuani,Lee Sin,Zeri,Wukong,Xayah,Rakan,Lulu,Renekton,Akali,K'Sante,LeBlanc,Jax,Taliyah,Fiora,Ahri,Jungle,Bot,Support,Mid,Top,Bot,Jungle,Support,Top,Mid,SB,https://www.youtube.com/live/ZHGejJd2Igs?feature=share&t=4998
Week 7,Liiv SANDBOX,Kwangdong Freecs,1 - 0,1,13.4,Sejuani,Caitlyn,Karma,Irelia,Annie,Ashe,Lucian,Varus,Lee Sin,Wukong,Nami,Nautilus,Renekton,Jayce,Gnar,LeBlanc,K'Sante,Jax,Sylas,Aurelion Sol,Bot,Jungle,Support,Top,Mid,Bot,Jungle,Support,Top,Mid,SB,https://www.youtube.com/live/ZHGejJd2Igs?feature=share&t=1892
Week 7,Nongshim RedForce,Hanwha Life Esports,0 - 2,2,13.4,Ashe,Annie,Lucian,Varus,Akali,Sejuani,Karma,Caitlyn,Lee Sin,Ezreal,K'Sante,Lux,Vi,Gnar,Wukong,Kassadin,Jayce,Viego,Syndra,Gragas,Support,Bot,Top,Jungle,Mid,Bot,Jungle,Support,Top,Mid,SB,https://www.youtube.com/live/dDMN8ldXP38?feature=share&t=17766
Week 7,Hanwha Life Esports,Nongshim RedForce,1 - 0,1,13.4,Karma,Caitlyn,Sejuani,Annie,Varus,Ashe,Lucian,Zeri,Vi,Nami,Elise,Lulu,Gnar,K'Sante,Akali,Gragas,Renekton,Jayce,Ornn,Ahri,Bot,Support,Jungle,Mid,Top,Bot,Jungle,Support,Top,Mid,SB,https://www.youtube.com/live/dDMN8ldXP38?feature=share&t=14994
Week 7,Gen.G,KT Rolster,01월 02일,2,13.4,Sejuani,Ashe,Jayce,Annie,Karma,Elise,Caitlyn,Varus,Vi,Wukong,Heimerdinger,Leona,Gragas,Azir,Gnar,Jax,Renekton,K'Sante,Akali,Twisted Fate,Bot,Jungle,Support,Top,Mid,Bot,Jungle,Support,Top,Mid,SB,https://www.youtube.com/live/dDMN8ldXP38?feature=share&t=8652
Week 7,Gen.G,KT Rolster,01월 01일,1,13.4,Sejuani,Ashe,Jayce,Annie,Karma,Elise,Caitlyn,Varus,Lee Sin,Vi,Lux,Leona,Gragas,Azir,Renekton,Jax,Camille,Taliyah,K'Sante,LeBlanc,Bot,Jungle,Support,Mid,Top,Bot,Jungle,Support,Top,Mid,SB,https://www.youtube.com/live/dDMN8ldXP38?feature=share&t=5536
Week 7,KT Rolster,Gen.G,1 - 0,1,13.4,Varus,Sejuani,Lucian,Caitlyn,Jayce,Ashe,Annie,Karma,Wukong,Zeri,Vi,Ezreal,Lulu,Kassadin,Jax,Renekton,Gnar,Gangplank,Azir,Taliyah,Support,Bot,Jungle,Top,Mid,Support,Jungle,Bot,Top,Mid,SB,https://www.youtube.com/live/dDMN8ldXP38?feature=share&t=1888
Week 7,Dplus KIA,DRX,2 - 0,1,13.4,Varus,Ashe,Karma,Caitlyn,Sejuani,Elise,Annie,Zeri,Lee Sin,Lucian,Nami,Lulu,Vi,Gragas,Wukong,Renekton,Syndra,Viego,Jayce,Sion,Mid,Bot,Support,Jungle,Top,Bot,Jungle,Support,Mid,Top,SB,https://www.youtube.com/live/T5SaXN_NYnU?feature=share&t=14630
Week 7,DRX,Dplus KIA,0 - 1,2,13.4,Karma,Annie,Jayce,Ashe,Elise,Sejuani,Caitlyn,Varus,Lee Sin,Lux,Gragas,Heimerdinger,Vi,Jax,Camille,Zoe,Renekton,K'Sante,Viego,LeBlanc,Bot,Support,Mid,Top,Jungle,Bot,Jungle,Support,Top,Mid,SB,https://www.youtube.com/live/T5SaXN_NYnU?feature=share&t=11712
Week 7,Kwangdong Freecs,T1,0 - 2,2,13.4,Lee Sin,Annie,Karma,Sejuani,Caitlyn,Ezreal,Ashe,Varus,Elise,Maokai,Jhin,Gragas,Jax,Jayce,Aurelion Sol,Nautilus,Kalista,Tristana,K'Sante,Fiora,Support,Jungle,Bot,Mid,Top,Bot,Jungle,Mid,Support,Top,SB,https://www.youtube.com/live/T5SaXN_NYnU?feature=share&t=5360
Week 7,Kwangdong Freecs,T1,0 - 1,2,13.4,Caitlyn,Annie,Karma,Lucian,Varus,Ashe,Zeri,Jayce,Lee Sin,Lulu,Sejuani,Gragas,K'Sante,Nautilus,Kassadin,Draven,Aphelios,Viktor,Renekton,Thresh,Bot,Support,Jungle,Mid,Top,Top,Jungle,Mid,Bot,Support,SB,https://www.youtube.com/live/T5SaXN_NYnU?feature=share&t=2697
Week 6,Kwangdong Freecs,Hanwha Life Esports,0 - 2,2,13.3,Elise,Annie,Caitlyn,Maokai,Ashe,Varus,Sejuani,Zeri,Lulu,Ezreal,Karma,Vi,Jax,Kassadin,Fiora,Akali,Sylas,Jayce,Yone,Camille,Jungle,Bot,Support,Top,Mid,Bot,Support,Jungle,Mid,Top,SB,https://www.youtube.com/live/Ey9hxfgjolU?feature=share&t=18956
Week 6,Hanwha Life Esports,Kwangdong Freecs,1 - 0,1,13.3,Annie,Elise,Varus,Ashe,Sejuani,Maokai,Caitlyn,Karma,Wukong,Lux,Nidalee,Jhin,Yone,Jax,Jayce,Akali,Renekton,Gnar,Azir,Taliyah,Bot,Support,Jungle,Top,Mid,Support,Jungle,Bot,Top,Mid,SB,https://www.youtube.com/live/Ey9hxfgjolU?feature=share&t=15871
Week 6,BRION,DRX,01월 02일,2,13.3,Caitlyn,Maokai,Ashe,Elise,Annie,Lucian,Varus,Sejuani,Karma,Vi,Heimerdinger,Ezreal,Fiora,Jax,Camille,Renekton,Jayce,Akali,Gragas,K'Sante,Bot,Jungle,Support,Mid,Top,Jungle,Support,Bot,Mid,Top,SB,https://www.youtube.com/live/Ey9hxfgjolU?feature=share&t=9084
Week 6,DRX,BRION,01월 01일,1,13.3,Karma,Maokai,Lucian,Ashe,Elise,Caitlyn,Annie,Zeri,Vi,Varus,Heimerdinger,Lulu,Wukong,Kassadin,Lee Sin,Azir,Renekton,Jax,Sejuani,Orianna,Mid,Bot,Support,Top,Jungle,Bot,Jungle,Support,Top,Mid,SB,https://www.youtube.com/live/Ey9hxfgjolU?feature=share&t=5824
Week 6,BRION,DRX,1 - 0,1,13.3,Caitlyn,Maokai,Ashe,Elise,Annie,Varus,Zeri,Lucian,Vi,Sejuani,Lulu,Nami,Gnar,LeBlanc,Jax,Renekton,Gragas,Akali,Fiora,Sylas,Bot,Jungle,Support,Mid,Top,Bot,Jungle,Support,Top,Mid,SB,https://www.youtube.com/live/Ey9hxfgjolU?feature=share&t=1811
Week 6,Nongshim RedForce,Liiv SANDBOX,01월 02일,2,13.3,Ashe,Annie,Caitlyn,Maokai,Karma,Elise,Lucian,Zeri,Wukong,Vi,Nami,Lulu,Renekton,Akali,LeBlanc,Kassadin,Azir,Corki,K'Sante,Gnar,Bot,Jungle,Support,Mid,Top,Bot,Jungle,Support,Mid,Top,SB,https://www.youtube.com/live/hdilqZcs21E?feature=share&t=19953
Week 6,Liiv SANDBOX,Nongshim RedForce,01월 01일,1,13.3,Annie,Ashe,Elise,Maokai,Zeri,Lucian,Varus,Karma,Sejuani,Caitlyn,Vi,Ezreal,Sylas,Renekton,Kassadin,Jayce,Akali,LeBlanc,Gnar,Jax,Bot,Support,Jungle,Mid,Top,Support,Jungle,Bot,Mid,Top,SB,https://www.youtube.com/live/hdilqZcs21E?feature=share&t=16215
Week 6,Nongshim RedForce,Liiv SANDBOX,1 - 0,1,13.3,Ashe,Elise,Zeri,Lucian,Akali,Maokai,Karma,Varus,Caitlyn,Ezreal,Sejuani,Wukong,Renekton,Kassadin,Jayce,Sylas,Jax,Gangplank,Annie,Orianna,Support,Bot,Jungle,Top,Mid,Bot,Support,Jungle,Top,Mid,SB,https://www.youtube.com/live/hdilqZcs21E?feature=share&t=11747
Week 6,T1,KT Rolster,2 - 0,1,13.3,Maokai,Ashe,Sejuani,Elise,Karma,Caitlyn,Annie,Lucian,Nami,Varus,Vi,Wukong,Kalista,Jax,Jayce,Viktor,Gragas,Draven,K'Sante,Gwen,Mid,Support,Jungle,Bot,Top,Bot,Support,Jungle,Mid,Top,SB,https://www.youtube.com/live/hdilqZcs21E?feature=share&t=5389
Week 6,T1,KT Rolster,1 - 0,1,13.3,Maokai,Ashe,Sejuani,Elise,Karma,Caitlyn,Lucian,Zeri,Wukong,Nami,Annie,Lulu,Jayce,Jax,Lee Sin,Viktor,Azir,Gnar,Vi,Camille,Bot,Support,Mid,Top,Jungle,Bot,Jungle,Support,Mid,Top,SB,https://www.youtube.com/live/hdilqZcs21E?feature=share&t=2635
Week 6,Kwangdong Freecs,Dplus KIA,0 - 2,2,13.3,Caitlyn,Maokai,Elise,Ashe,Jayce,Annie,Varus,Karma,Sejuani,Wukong,Heimerdinger,Ezreal,Gragas,Renekton,Akali,Yone,Jax,Taliyah,Fiora,Kassadin,Bot,Jungle,Support,Mid,Top,Support,Jungle,Bot,Top,Mid,SB,https://www.youtube.com/live/fLTv1LU5APk?feature=share&t=14349
Week 6,Dplus KIA,Kwangdong Freecs,1 - 0,1,13.3,Maokai,Elise,Annie,Caitlyn,Sejuani,Jayce,Ashe,Varus,Wukong,Lee Sin,Ezreal,Karma,LeBlanc,Renekton,Azir,Sylas,Jax,Akali,Gnar,Lissandra,Support,Jungle,Bot,Mid,Top,Bot,Jungle,Support,Top,Mid,SB,https://www.youtube.com/live/fLTv1LU5APk?feature=share&t=10833
Week 6,DRX,Gen.G,0 - 2,2,13.3,Annie,Ashe,Karma,Maokai,Elise,Caitlyn,Lucian,Lulu,Vi,Nami,Wukong,Zeri,Akali,Kassadin,Renekton,Azir,Taliyah,Jax,Viktor,Gragas,Bot,Support,Jungle,Top,Mid,Support,Jungle,Bot,Mid,Top,SB,https://www.youtube.com/live/fLTv1LU5APk?feature=share&t=4739
Week 6,Gen.G,DRX,1 - 0,1,13.3,Varus,Maokai,Heimerdinger,Ashe,Elise,Caitlyn,Annie,Lucian,Nami,Zeri,Lulu,Vi,Lee Sin,Renekton,Wukong,Kassadin,Azir,Sejuani,Jax,Gragas,Mid,Bot,Support,Jungle,Top,Bot,Support,Jungle,Mid,Top,SB,https://www.youtube.com/live/fLTv1LU5APk?feature=share&t=1856
Week 6,Liiv SANDBOX,T1,0 - 2,2,13.3,Jayce,Maokai,Annie,Lucian,Varus,Elise,Ashe,Caitlyn,Jhin,Ezreal,Sejuani,Lee Sin,Jax,Nidalee,Akali,LeBlanc,Gragas,Gnar,Sylas,Yasuo,Support,Bot,Jungle,Top,Mid,Support,Bot,Jungle,Mid,Top,SB,https://www.youtube.com/live/c3AeYJsgoks?feature=share&t=17821
Week 6,T1,Liiv SANDBOX,1 - 0,1,13.3,Maokai,Ashe,Annie,Elise,Karma,Caitlyn,Lucian,Zeri,Lulu,Nami,Wukong,Vi,Jayce,Akali,Viktor,Jax,Azir,Gnar,Gragas,Sylas,Bot,Support,Jungle,Top,Mid,Bot,Support,Jungle,Top,Mid,SB,https://www.youtube.com/live/c3AeYJsgoks?feature=share&t=14744
Week 6,Hanwha Life Esports,BRION,02월 01일,1,13.3,Lucian,Ashe,Elise,Maokai,Varus,Kassadin,Caitlyn,Karma,Vi,Lux,Akali,Ezreal,Sejuani,Renekton,Wukong,Jax,Ryze,Lee Sin,Gnar,Fiora,Bot,Support,Mid,Jungle,Top,Support,Jungle,Bot,Mid,Top,SB,https://www.youtube.com/live/c3AeYJsgoks?feature=share&t=9205
Week 6,BRION,Hanwha Life Esports,01월 01일,1,13.3,Ashe,Maokai,Lucian,Elise,Zeri,Sejuani,Varus,Caitlyn,Lux,Vi,Karma,Nidalee,Viktor,Jayce,Renekton,Yone,Gnar,Akali,Jax,Sylas,Bot,Jungle,Support,Mid,Top,Bot,Support,Jungle,Top,Mid,SB,https://www.youtube.com/live/c3AeYJsgoks?feature=share&t=5397
Week 6,Hanwha Life Esports,BRION,1 - 0,1,13.3,Lucian,Ashe,Elise,Maokai,Varus,Caitlyn,Zeri,Sejuani,Annie,Lulu,Vi,Xayah,Sylas,Renekton,Akali,Jax,Azir,Kassadin,Gnar,Camille,Bot,Support,Jungle,Mid,Top,Jungle,Support,Bot,Mid,Top,SB,https://www.youtube.com/live/c3AeYJsgoks?feature=share&t=1844
Week 6,Dplus KIA,KT Rolster,2 - 0,1,13.3,Maokai,Ashe,Annie,Elise,Sejuani,Lucian,Karma,Wukong,Caitlyn,Varus,Jayce,Lux,Lee Sin,Gragas,Viktor,Azir,Sion,Renekton,Nidalee,Akali,Support,Bot,Mid,Top,Jungle,Jungle,Bot,Support,Top,Mid,SB,https://www.youtube.com/live/vQWIqnseLgQ?feature=share&t=15073
Week 6,KT Rolster,Dplus KIA,0 - 1,2,13.3,Ashe,Maokai,Caitlyn,Elise,Annie,Azir,Lucian,Zeri,Lulu,Vi,Nami,Wukong,Jayce,Jax,Viktor,Kassadin,Renekton,Gragas,Taliyah,Akali,Bot,Jungle,Support,Top,Mid,Bot,Support,Jungle,Top,Mid,SB,https://www.youtube.com/live/vQWIqnseLgQ?feature=share&t=12072
Week 6,Nongshim RedForce,Gen.G,0 - 2,2,13.3,Caitlyn,Maokai,Ashe,Elise,Lucian,Annie,Wukong,Varus,Sejuani,Zeri,Lulu,Karma,Gragas,Gnar,Renekton,Jayce,Jax,K'Sante,Akali,Kassadin,Jungle,Bot,Support,Top,Mid,Bot,Jungle,Support,Top,Mid,SB,https://www.youtube.com/live/vQWIqnseLgQ?feature=share&t=5745
Week 6,Nongshim RedForce,Gen.G,0 - 1,2,13.3,Caitlyn,Maokai,Ashe,Elise,Lucian,Annie,Wukong,Varus,Sejuani,Zeri,Lulu,Karma,Gragas,Gnar,Renekton,Kassadin,Jayce,Ornn,Akali,Sylas,Jungle,Bot,Support,Top,Mid,Bot,Jungle,Support,Top,Mid,SB,https://www.youtube.com/live/vQWIqnseLgQ?feature=share&t=2729
Week 5,Dplus KIA,Liiv SANDBOX,0 - 2,2,13.3,Jayce,Lucian,Annie,Ashe,Karma,Caitlyn,Varus,Maokai,Jhin,Elise,Kalista,Heimerdinger,Renekton,Irelia,Fiora,Akali,Jax,Gnar,Azir,Yone,Bot,Jungle,Support,Top,Mid,Jungle,Bot,Support,Top,Mid,SB,https://www.youtube.com/live/762-SqJr758?feature=share&t=18339
Week 5,Dplus KIA,Liiv SANDBOX,0 - 1,2,13.3,Jayce,Lucian,Sejuani,Ashe,Karma,Caitlyn,Maokai,Annie,Varus,Sivir,Viktor,Lee Sin,Renekton,Kassadin,Heimerdinger,Kalista,Jax,Tahm Kench,Gnar,Sylas,Jungle,Bot,Mid,Support,Top,Support,Bot,Jungle,Top,Mid,SB,https://www.youtube.com/live/762-SqJr758?feature=share&t=15017
Week 5,Gen.G,T1,01월 02일,2,13.3,Elise,Maokai,Caitlyn,Lucian,Jayce,Camille,Ashe,Varus,Annie,Draven,Viktor,Wukong,Sejuani,Kassadin,Vi,Fiora,Gnar,Jax,Poppy,Jhin,Support,Bot,Mid,Top,Jungle,Bot,Mid,Jungle,Top,Support,SB,https://www.youtube.com/live/762-SqJr758?feature=share&t=8378
Week 5,T1,Gen.G,01월 01일,1,13.3,Maokai,Ashe,Karma,Caitlyn,Annie,Lucian,Varus,Zeri,Sejuani,Elise,Jayce,Lulu,Soraka,Akali,Azir,Sion,Viktor,Kassadin,Kalista,Renekton,Bot,Jungle,Top,Mid,Support,Bot,Jungle,Support,Mid,Top,SB,https://www.youtube.com/live/762-SqJr758?feature=share&t=5454
Week 5,T1,Gen.G,0 - 1,2,13.3,Maokai,Ashe,Karma,Caitlyn,Jayce,Lucian,Varus,Annie,Wukong,Sejuani,Viktor,Sylas,Renekton,Zeri,Jax,None,Gnar,Irelia,Nautilus,Draven,Bot,Jungle,Mid,Top,Support,Support,Jungle,Mid,Top,Bot,SB,https://www.youtube.com/live/762-SqJr758?feature=share&t=1800
Week 5,Nongshim RedForce,KT Rolster,0 - 2,2,13.3,Caitlyn,Maokai,Ashe,Elise,Zeri,Lucian,Varus,Karma,Sejuani,Vi,Nautilus,Ezreal,Jayce,Gnar,Renekton,Taliyah,Jax,K'Sante,Azir,Sylas,Bot,Jungle,Support,Top,Mid,Support,Jungle,Bot,Top,Mid,SB,https://www.youtube.com/live/DBwE5cWIitw?feature=share&t=19033
Week 5,Nongshim RedForce,KT Rolster,0 - 1,2,13.3,Ashe,Maokai,Caitlyn,Elise,Zeri,Lucian,Varus,Karma,Sejuani,Vi,Nautilus,Ezreal,Jayce,Gnar,Renekton,Taliyah,Jax,Azir,Gragas,Sylas,Bot,Jungle,Support,Mid,Top,Support,Jungle,Bot,Top,Mid,SB,https://www.youtube.com/live/DBwE5cWIitw?feature=share&t=15918
Week 5,Kwangdong Freecs,BRION,01월 02일,2,13.3,Elise,Maokai,Renekton,Ashe,Varus,Annie,Sejuani,Zeri,Lulu,Ezreal,Karma,Vi,Jax,Akali,Jayce,Sylas,Viktor,Azir,Fiora,Gnar,Jungle,Bot,Support,Mid,Top,Bot,Support,Jungle,Mid,Top,SB,https://www.youtube.com/live/DBwE5cWIitw?feature=share&t=9357
Week 5,BRION,Kwangdong Freecs,01월 01일,1,13.3,Wukong,Elise,Ashe,Lucian,Annie,Renekton,Maokai,Sejuani,Karma,Varus,Heimerdinger,Ezreal,Azir,Jax,Akali,Jayce,Fiora,Gnar,Viktor,Sylas,Jungle,Bot,Support,Top,Mid,Jungle,Support,Bot,Top,Mid,SB,https://www.youtube.com/live/DBwE5cWIitw?feature=share&t=5605
Week 5,Kwangdong Freecs,BRION,1 - 0,1,13.3,Elise,Maokai,Lucian,Ashe,Renekton,Annie,Sejuani,Varus,Karma,Heimerdinger,Sivir,Wukong,Jax,Akali,Viktor,Azir,Sylas,Yone,Jayce,Sion,Jungle,Support,Bot,Mid,Top,Bot,Support,Jungle,Mid,Top,SB,https://www.youtube.com/live/DBwE5cWIitw?feature=share&t=2439
Week 5,DRX,Hanwha Life Esports,0 - 2,2,13.3,Lucian,Maokai,Elise,Ashe,Kassadin,Caitlyn,Sejuani,Zeri,Lulu,Ezreal,Karma,Vi,Renekton,Akali,LeBlanc,Sylas,Azir,Jax,Viktor,Gnar,Jungle,Bot,Support,Top,Mid,Bot,Support,Jungle,Mid,Top,SB,https://www.youtube.com/live/9pfLPBjCmMI?feature=share&t=17177
Week 5,Hanwha Life Esports,DRX,1 - 0,1,13.3,Varus,Elise,Ashe,Maokai,Sejuani,Lucian,Caitlyn,Karma,Ezreal,Lux,Wukong,Vi,Akali,LeBlanc,Kassadin,Renekton,Viktor,Sylas,Jax,Gragas,Bot,Support,Jungle,Mid,Top,Support,Bot,Jungle,Mid,Top,SB,https://www.youtube.com/live/9pfLPBjCmMI?feature=share&t=13792
Week 5,Liiv SANDBOX,T1,01월 02일,2,13.3,Jayce,Maokai,Ashe,Lucian,Caitlyn,Varus,Elise,Zeri,Annie,Ezreal,Karma,Lee Sin,Irelia,Lulu,Renekton,Yasuo,Jax,Gnar,Azir,Akali,Jungle,Bot,Support,Top,Mid,Bot,Support,Jungle,Top,Mid,SB,https://www.youtube.com/live/9pfLPBjCmMI?feature=share&t=7738
Week 5,T1,Liiv SANDBOX,01월 01일,1,13.3,Maokai,Ashe,Karma,Lucian,Irelia,Elise,Caitlyn,Varus,Jayce,Sejuani,Lux,Heimerdinger,Renekton,Akali,Viktor,Sylas,Azir,Corki,Sion,Wukong,Bot,Jungle,Support,Mid,Top,Bot,Top,Support,Mid,Jungle,SB,https://www.youtube.com/live/9pfLPBjCmMI?feature=share&t=4785
Week 5,Liiv SANDBOX,T1,1 - 0,1,13.3,Jayce,Maokai,Ashe,Elise,Caitlyn,Sejuani,Lucian,Zeri,Vi,Wukong,Nami,Lulu,Sylas,Renekton,Jax,Annie,Azir,Akali,Gnar,Yasuo,Bot,Jungle,Support,Mid,Top,Bot,Jungle,Support,Mid,Top,SB,https://www.youtube.com/live/9pfLPBjCmMI?feature=share&t=1816
Week 5,Kwangdong Freecs,Gen.G,01월 02일,2,13.3,Elise,Maokai,Lucian,Ashe,Caitlyn,Annie,Sejuani,Zeri,Jayce,Ezreal,Karma,Vi,Yone,Lulu,Viktor,Azir,Leona,Renekton,Zoe,Akali,Jungle,Bot,Support,Top,Mid,Bot,Top,Jungle,Support,Mid,SB,https://www.youtube.com/live/Nq_1xevbO6E?feature=share&t=17426
Week 5,Kwangdong Freecs,Gen.G,01월 01일,1,13.3,Lucian,Ashe,Caitlyn,Maokai,Elise,Jax,Wukong,Sejuani,Jayce,Annie,Renekton,Varus,Zeri,Yone,Sivir,Sylas,Azir,Ezreal,Karma,Nautilus,Jungle,Mid,Top,Bot,Support,Jungle,Top,Bot,Mid,Support,SB,https://www.youtube.com/live/Nq_1xevbO6E?feature=share&t=13986
Week 5,Kwangdong Freecs,Gen.G,0 - 1,2,13.3,Lucian,Ashe,Elise,Maokai,Jayce,Jax,Wukong,Caitlyn,Karma,Varus,Heimerdinger,Sejuani,Sylas,Fiora,Renekton,Camille,Gnar,Annie,K'Sante,Viktor,Jungle,Bot,Support,Mid,Top,Bot,Support,Jungle,Top,Mid,SB,https://www.youtube.com/live/Nq_1xevbO6E?feature=share&t=10806
Week 5,BRION,Dplus KIA,0 - 2,2,13.3,Caitlyn,Elise,Ashe,Maokai,Zeri,Sejuani,Lucian,Lulu,Vi,Wukong,Nami,Aphelios,Gnar,LeBlanc,Viktor,Azir,Renekton,Gragas,Ryze,Taliyah,Bot,Jungle,Support,Top,Mid,Support,Jungle,Bot,Top,Mid,SB,https://www.youtube.com/live/Nq_1xevbO6E?feature=share&t=5141
Week 5,BRION,Dplus KIA,0 - 1,2,13.3,Caitlyn,Elise,Ashe,Maokai,Jayce,Gragas,Sejuani,Lucian,Nami,Zeri,Lulu,Wukong,Jax,Renekton,Camille,Gnar,Fiora,Azir,Sion,LeBlanc,Jungle,Bot,Support,Mid,Top,Bot,Support,Jungle,Top,Mid,SB,https://www.youtube.com/live/Nq_1xevbO6E?feature=share&t=1901
Week 5,Nongshim RedForce,Hanwha Life Esports,0 - 2,2,13.3,Caitlyn,Maokai,Lucian,Elise,Ashe,Sejuani,Wukong,Zeri,Lulu,Xayah,Rakan,Viego,K'Sante,Akali,Jax,Azir,Gnar,Viktor,Sion,Kassadin,Jungle,Bot,Support,Mid,Top,Bot,Support,Jungle,Top,Mid,SB,https://www.youtube.com/live/5pX347sLaMA?feature=share&t=15383
Week 5,Nongshim RedForce,Hanwha Life Esports,0 - 1,2,13.3,Caitlyn,Maokai,Lucian,Elise,Ashe,K'Sante,Sejuani,Varus,Wukong,Jayce,Ziggs,Heimerdinger,Jax,Akali,Renekton,Sylas,Azir,Leona,Gnar,Camille,Jungle,Mid,Bot,Support,Top,Bot,Jungle,Support,Mid,Top,SB,https://www.youtube.com/live/5pX347sLaMA?feature=share&t=11740
Week 5,KT Rolster,DRX,2 - 0,1,13.3,Vi,Maokai,Lee Sin,Lucian,Ashe,Sejuani,Elise,Caitlyn,Varus,Draven,Singed,Nidalee,Jayce,Renekton,Yone,LeBlanc,Ryze,Jax,Irelia,Sion,Jungle,Bot,Support,Top,Mid,Support,Bot,Jungle,Mid,Top,SB,https://www.youtube.com/live/5pX347sLaMA?feature=share&t=5730
Week 5,DRX,KT Rolster,0 - 1,2,13.3,Lucian,Maokai,Varus,Ashe,Caitlyn,Elise,Sejuani,Wukong,Zeri,Draven,Renekton,Lulu,Nautilus,Jayce,Leona,Akali,Gragas,Azir,Annie,Taliyah,Jungle,Bot,Top,Mid,Support,Jungle,Bot,Support,Top,Mid,SB,https://www.youtube.com/live/5pX347sLaMA?feature=share&t=2743
Week 4,DRX,T1,0 - 2,2,13.1B,Lucian,Maokai,Jayce,Elise,None,Sejuani,Ashe,Caitlyn,Varus,Jhin,Wukong,Azir,Kassadin,Vi,LeBlanc,Poppy,Nidalee,Renekton,Sylas,Sion,Support,Bot,Jungle,Top,Mid,Support,Bot,Mid,Jungle,Top,SB,https://www.youtube.com/live/96iS84vTy2U?feature=share&t=14830
Week 4,T1,DRX,1 - 0,1,13.1B,Maokai,Elise,Kassadin,Ashe,Zeri,Lucian,Caitlyn,Varus,Karma,Sejuani,Lux,Vi,Jayce,Jax,Sylas,Azir,K'Sante,Viktor,Fiora,Akali,Bot,Jungle,Support,Mid,Top,Bot,Support,Jungle,Top,Mid,SB,https://www.youtube.com/live/96iS84vTy2U?feature=share&t=11423
Week 4,Hanwha Life Esports,Dplus KIA,0 - 2,2,13.1B,Caitlyn,Elise,Ashe,Maokai,Jayce,Sylas,Sejuani,Nami,Lucian,Zeri,Lulu,Wukong,Yone,Kassadin,Akali,LeBlanc,Renekton,Azir,Gragas,Viktor,Jungle,Bot,Support,Mid,Top,Support,Bot,Jungle,Top,Mid,SB,https://www.youtube.com/live/96iS84vTy2U?feature=share&t=5547
Week 4,Dplus KIA,Hanwha Life Esports,1 - 0,1,13.1B,Kassadin,Elise,Sylas,Ashe,Vi,Jayce,Maokai,Lucian,Nami,Caitlyn,Lux,Sejuani,Ryze,Yone,Gnar,Ornn,K'Sante,Azir,Renekton,Corki,Jungle,Bot,Support,Mid,Top,Bot,Support,Jungle,Top,Mid,SB,https://www.youtube.com/live/96iS84vTy2U?feature=share&t=1953
Week 4,KT Rolster,Gen.G,02월 01일,1,13.1B,Kassadin,Maokai,Ashe,Elise,Vi,Caitlyn,Sejuani,Lucian,Nami,Zeri,Lulu,Wukong,Yone,LeBlanc,Jax,Gwen,Gnar,Azir,Jayce,Sylas,Jungle,Bot,Support,Mid,Top,Bot,Support,Jungle,Top,Mid,SB,https://www.youtube.com/live/EYZv-uDil_g?feature=share&t=17793
Week 4,Gen.G,KT Rolster,01월 01일,2,13.1B,Karma,Ashe,Maokai,Elise,Caitlyn,Vi,Lucian,Sejuani,Nami,Wukong,Yuumi,Draven,K'Sante,Yone,Jayce,Jax,Gnar,Ryze,Camille,Kassadin,Bot,Jungle,Support,Mid,Top,Jungle,Support,Bot,Top,Mid,SB,https://www.youtube.com/live/EYZv-uDil_g?feature=share&t=14420
Week 4,KT Rolster,Gen.G,0 - 1,2,13.1B,Kassadin,Maokai,Ashe,Elise,K'Sante,Caitlyn,Nami,Zeri,Vi,Wukong,Lucian,Lulu,Jax,Jayce,Azir,Akali,Gnar,Camille,Ryze,Viktor,Support,Jungle,Bot,Top,Mid,Bot,Jungle,Support,Top,Mid,SB,https://www.youtube.com/live/EYZv-uDil_g?feature=share&t=11446
Week 4,Nongshim RedForce,Kwangdong Freecs,0 - 2,2,13.1B,Ashe,Varus,Caitlyn,Jayce,Lulu,Lucian,Maokai,Sejuani,K'Sante,Aphelios,Sion,Azir,Kassadin,Karma,Akali,Renata Glasc,Ezreal,Nautilus,Sylas,Braum,Jungle,Bot,Top,Support,Mid,Jungle,Top,Mid,Bot,Support,SB,https://www.youtube.com/live/EYZv-uDil_g?feature=share&t=5675
Week 4,Kwangdong Freecs,Nongshim RedForce,1 - 0,1,13.1B,K'Sante,Ashe,Jayce,Caitlyn,Elise,Sejuani,Maokai,Lucian,Nami,Zeri,Lulu,Vi,Renekton,Sylas,Viktor,None,Jax,Azir,Fiora,Kassadin,Jungle,Bot,Support,Mid,Top,Bot,Support,Jungle,Top,Mid,SB,https://www.youtube.com/live/EYZv-uDil_g?feature=share&t=2537
Week 4,Liiv SANDBOX,DRX,02월 01일,1,13.1B,Renekton,Maokai,Kassadin,Ashe,Elise,Caitlyn,Lucian,Nami,Vi,Wukong,Sona,Zeri,Akali,Jayce,Sylas,Jax,K'Sante,Azir,Gnar,LeBlanc,Bot,Jungle,Support,Mid,Top,Support,Jungle,Bot,Top,Mid,SB,https://www.youtube.com/live/0p7cbH0_dDU?feature=share&t=20223
Week 4,DRX,Liiv SANDBOX,01월 01일,1,13.1B,Caitlyn,Renekton,Lucian,Draven,Ashe,Varus,Maokai,Elise,Jayce,Zeri,Lulu,Aphelios,K'Sante,Kassadin,Tryndamere,Renata Glasc,Nautilus,Sion,Azir,Yone,Jungle,Bot,Support,Top,Mid,Jungle,Mid,Bot,Support,Top,SB,https://www.youtube.com/live/0p7cbH0_dDU?feature=share&t=17160
Week 4,DRX,Liiv SANDBOX,0 - 1,2,13.1B,Caitlyn,Renekton,Varus,Ashe,Elise,Maokai,Zeri,Nami,Sejuani,Vi,Lulu,Lucian,Ryze,Akali,K'Sante,Sylas,Azir,Gnar,LeBlanc,Jayce,Bot,Jungle,Support,Top,Mid,Support,Jungle,Bot,Mid,Top,SB,https://www.youtube.com/live/0p7cbH0_dDU?feature=share&t=14071
Week 4,BRION,Hanwha Life Esports,01월 02일,2,13.1B,Kassadin,Maokai,Ashe,Elise,Wukong,Caitlyn,Vi,Lucian,Nami,Zeri,Lulu,Sejuani,Renekton,Sylas,Ryze,Akali,Azir,Viktor,K'Sante,Gnar,Jungle,Bot,Support,Mid,Top,Bot,Support,Jungle,Mid,Top,SB,https://www.youtube.com/live/0p7cbH0_dDU?feature=share&t=8677
Week 4,BRION,Hanwha Life Esports,01월 01일,1,13.1B,Kassadin,Maokai,Ashe,Elise,Wukong,Caitlyn,Vi,Zeri,Sejuani,Lucian,Nami,Lulu,Renekton,Sylas,Viktor,Ornn,Azir,K'Sante,Akali,Sion,Jungle,Bot,Support,Top,Mid,Bot,Jungle,Support,Mid,Top,SB,https://www.youtube.com/live/0p7cbH0_dDU?feature=share&t=5098
Week 4,BRION,Hanwha Life Esports,0 - 1,2,13.1B,Sylas,Maokai,Kassadin,Elise,Ashe,Caitlyn,Lucian,Zeri,Vi,Wukong,Nami,Lulu,Renekton,Akali,Ryze,Ornn,Azir,Viktor,K'Sante,Sion,Bot,Jungle,Support,Mid,Top,Bot,Jungle,Support,Mid,Top,SB,https://www.youtube.com/live/0p7cbH0_dDU?feature=share&t=1850
Week 4,Nongshim RedForce,Gen.G,0 - 2,2,13.1B,Ashe,Varus,Caitlyn,K'Sante,Lulu,Lucian,Maokai,Draven,Elise,Aphelios,Jayce,Tristana,Akali,Renekton,Jax,Renata Glasc,Camille,Syndra,Leona,Rakan,Jungle,Bot,Top,Mid,Support,Bot,Jungle,Mid,Top,Support,SB,https://www.youtube.com/live/_X5qxF8-QH0?feature=share&t=17990
Week 4,Gen.G,Nongshim RedForce,1 - 0,1,13.1B,Varus,Lucian,Elise,Maokai,Jhin,Caitlyn,Ashe,K'Sante,Sejuani,Wukong,Sivir,Aphelios,Gnar,Kassadin,Sylas,Akali,Alistar,Gwen,Azir,Yone,Support,Jungle,Bot,Top,Mid,Top,Jungle,Bot,Support,Mid,SB,https://www.youtube.com/live/_X5qxF8-QH0?feature=share&t=14751
Week 4,Dplus KIA,KT Rolster,01월 02일,2,13.1B,Azir,Elise,Jayce,Ashe,Varus,Maokai,Caitlyn,Sejuani,Karma,Vi,Lux,Ezreal,K'Sante,Kassadin,Ryze,Renekton,Jax,Gnar,Sylas,Yone,Bot,Jungle,Support,Top,Mid,Jungle,Support,Bot,Top,Mid,SB,https://www.youtube.com/live/_X5qxF8-QH0?feature=share&t=8860
Week 4,KT Rolster,Dplus KIA,01월 01일,1,13.1B,Ashe,Azir,Caitlyn,Elise,Lucian,Renekton,Maokai,Jayce,Sejuani,Karma,Varus,Sylas,Kassadin,Sivir,K'Sante,Nautilus,Ziggs,Sion,Yone,Pyke,Jungle,Support,Bot,Top,Mid,Top,Jungle,Mid,Bot,Support,SB,https://www.youtube.com/live/_X5qxF8-QH0?feature=share&t=5555
Week 4,Dplus KIA,KT Rolster,1 - 0,1,13.1B,Azir,Lucian,Jayce,Elise,Kassadin,Maokai,Ashe,Sejuani,Varus,Caitlyn,Vi,Karma,K'Sante,Renekton,Akali,Sylas,Ryze,Viktor,Jax,Gnar,Support,Bot,Jungle,Mid,Top,Jungle,Bot,Support,Mid,Top,SB,https://www.youtube.com/live/_X5qxF8-QH0?feature=share&t=1920
Week 4,BRION,T1,0 - 2,2,13.1B,Ashe,Maokai,Caitlyn,Elise,Kassadin,Sylas,Lucian,Vi,Nami,Wukong,Sona,Zeri,Renekton,Jayce,Gnar,K'Sante,Azir,Akali,Jax,Gragas,Bot,Jungle,Support,Mid,Top,Jungle,Support,Bot,Mid,Top,SB,https://www.youtube.com/live/A8TNdPNx7JI?feature=share&t=18648
Week 4,T1,BRION,1 - 0,1,13.1B,Maokai,Caitlyn,Kassadin,Jayce,Zeri,Elise,Ashe,Varus,Wukong,Sejuani,Sivir,Karma,Jax,K'Sante,Fiora,Akali,Azir,Viktor,Gnar,Renekton,Support,Jungle,Bot,Mid,Top,Bot,Jungle,Support,Mid,Top,SB,https://www.youtube.com/live/A8TNdPNx7JI?feature=share&t=15324
Week 4,Liiv SANDBOX,Kwangdong Freecs,02월 01일,1,13.1B,Ashe,Elise,Caitlyn,Vi,Sejuani,Varus,Maokai,Zeri,Lulu,Lucian,Nami,K'Sante,Renekton,Kassadin,Jayce,Wukong,Viego,Azir,Gnar,Sylas,Jungle,Bot,Support,Mid,Top,Bot,Support,Top,Jungle,Mid,SB,https://www.youtube.com/live/A8TNdPNx7JI?feature=share&t=9559
Week 4,Kwangdong Freecs,Liiv SANDBOX,01월 01일,2,13.1B,Vi,K'Sante,Sylas,Ashe,Elise,Renekton,Varus,Maokai,Caitlyn,Sejuani,Jhin,Lux,Jax,Irelia,Fiora,Kassadin,Jayce,Gnar,Akali,Azir,Bot,Jungle,Support,Top,Mid,Jungle,Bot,Support,Top,Mid,SB,https://www.youtube.com/live/A8TNdPNx7JI?feature=share&t=6337
Week 4,Liiv SANDBOX,Kwangdong Freecs,0 - 1,2,13.1B,Maokai,Elise,Lulu,Lucian,Varus,Vi,Caitlyn,Ashe,Sejuani,Wukong,Karma,Jhin,Renekton,Kassadin,Sylas,K'Sante,Jax,Gnar,Akali,Azir,Bot,Jungle,Support,Top,Mid,Support,Jungle,Bot,Top,Mid,SB,https://www.youtube.com/live/A8TNdPNx7JI?feature=share&t=2720
Week 3,Dplus KIA,Kwangdong Freecs,02월 01일,1,13.1,Yuumi,Lucian,Ashe,Jayce,Varus,Elise,Caitlyn,Jhin,Maokai,Sejuani,Heimerdinger,Karma,Sylas,K'Sante,Fiora,Kassadin,Jax,Renekton,Akali,Swain,Bot,Jungle,Support,Top,Mid,Bot,Jungle,Support,Top,Mid,SB,https://www.youtube.com/live/5zZZs4Yw9cc?feature=share&t=18515
Week 3,Kwangdong Freecs,Dplus KIA,01월 01일,1,13.1,Lucian,Yuumi,Caitlyn,Elise,Jayce,Heimerdinger,Ashe,Varus,Maokai,Sejuani,K'Sante,Karma,Sivir,Kassadin,Draven,Renekton,Gnar,Sylas,Jhin,LeBlanc,Support,Jungle,Top,Mid,Bot,Bot,Jungle,Support,Top,Mid,SB,https://www.youtube.com/live/5zZZs4Yw9cc?feature=share&t=14900
Week 3,Kwangdong Freecs,Dplus KIA,0 - 1,2,13.1,Lucian,Elise,Caitlyn,Yuumi,Ashe,Varus,Zeri,Maokai,Draven,Sejuani,Lulu,Jayce,K'Sante,Kassadin,Renekton,Pyke,Heimerdinger,Sylas,Camille,Fiora,Bot,Jungle,Support,Mid,Top,Jungle,Bot,Mid,Support,Top,SB,https://www.youtube.com/live/5zZZs4Yw9cc?feature=share&t=11468
Week 3,KT Rolster,BRION,2 - 0,1,13.1,Varus,Caitlyn,Elise,Yuumi,Lucian,Zeri,Maokai,Heimerdinger,Ashe,Karma,Ezreal,Kassadin,Jax,Wukong,Jayce,Sejuani,K'Sante,Yone,Camille,Vi,Jungle,Support,Bot,Mid,Top,Support,Bot,Mid,Top,Jungle,SB,https://www.youtube.com/live/5zZZs4Yw9cc?feature=share&t=5786
Week 3,BRION,KT Rolster,0 - 1,2,13.1,Caitlyn,Lucian,Kassadin,Maokai,Ashe,Akali,Elise,Zeri,Yuumi,Varus,Heimerdinger,Wukong,Renekton,K'Sante,Jax,Azir,Ryze,Viktor,Gnar,Jayce,Jungle,Bot,Support,Mid,Top,Bot,Support,Jungle,Mid,Top,SB,https://www.youtube.com/live/5zZZs4Yw9cc?feature=share&t=1980
Week 3,T1,Nongshim RedForce,02월 01일,1,13.1,Maokai,Caitlyn,Kassadin,Varus,K'Sante,Elise,Nami,Yuumi,Wukong,Vi,Lucian,Zeri,Ryze,Jax,Gnar,Akali,Sylas,Azir,Jayce,Sion,Support,Jungle,Bot,Mid,Top,Support,Jungle,Bot,Mid,Top,SB,https://www.youtube.com/live/mplNK2cuJ5Q?feature=share&t=21993
Week 3,Nongshim RedForce,T1,01월 01일,1,13.1,Ashe,Lucian,Caitlyn,Yuumi,Kassadin,Heimerdinger,Varus,Jayce,Sejuani,Maokai,K'Sante,Azir,Akali,Draven,Sylas,Kalista,Ezreal,Karma,LeBlanc,Twitch,Bot,Jungle,Top,Support,Mid,Top,Jungle,Mid,Bot,Support,SB,https://www.youtube.com/live/mplNK2cuJ5Q?feature=share&t=18623
Week 3,T1,Nongshim RedForce,1 - 0,1,13.1,K'Sante,Caitlyn,Kassadin,Varus,Yuumi,Lucian,Ashe,Jayce,Elise,Sejuani,Zeri,Nautilus,Azir,Samira,Ryze,Akali,Aphelios,Viktor,Renekton,Sylas,Support,Jungle,Bot,Mid,Top,Top,Jungle,Support,Bot,Mid,SB,https://www.youtube.com/live/mplNK2cuJ5Q?feature=share&t=15442
Week 3,Hanwha Life Esports,DRX,02월 01일,1,13.1,Caitlyn,Yuumi,Ashe,Lucian,Varus,Zeri,Elise,Heimerdinger,Maokai,Draven,Kassadin,Ezreal,Karma,Renekton,Pyke,Tristana,Jayce,Soraka,Ornn,Aatrox,Jungle,Bot,Mid,Support,Top,Support,Jungle,Bot,Mid,Top,SB,https://www.youtube.com/live/mplNK2cuJ5Q?feature=share&t=9109
Week 3,DRX,Hanwha Life Esports,01월 01일,2,13.1,Maokai,Caitlyn,Elise,Ashe,Kassadin,Yuumi,Zeri,Varus,Heimerdinger,Wukong,Azir,Akali,Lulu,Vi,K'Sante,Sejuani,Viego,Renekton,Soraka,Gnar,Bot,Jungle,Mid,Top,Support,Bot,Support,Mid,Jungle,Top,SB,https://www.youtube.com/live/mplNK2cuJ5Q?feature=share&t=6375
Week 3,Hanwha Life Esports,DRX,0 - 1,2,13.1,Caitlyn,Yuumi,Ashe,Lucian,Heimerdinger,Zeri,Elise,Varus,Maokai,Draven,Renata Glasc,Karma,Akali,Ryze,Sylas,Kassadin,Azir,Yone,Sion,Cho'Gath,Jungle,Bot,Support,Mid,Top,Bot,Jungle,Support,Mid,Top,SB,https://www.youtube.com/live/mplNK2cuJ5Q?feature=share&t=2763
Week 3,Gen.G,Liiv SANDBOX,02월 01일,1,13.1,Kassadin,Lucian,Caitlyn,Elise,Maokai,Sivir,Varus,Ashe,Wukong,Vi,Ryze,Heimerdinger,K'Sante,Sylas,Jayce,Akali,Cassiopeia,Gnar,Karma,Irelia,Bot,Jungle,Mid,Top,Support,Bot,Jungle,Support,Mid,Top,SB,https://www.youtube.com/live/X_jRU590f5k?feature=share&t=17754
Week 3,Gen.G,Liiv SANDBOX,01월 01일,1,13.1,Kassadin,Lucian,Caitlyn,Yuumi,Maokai,Wukong,Ashe,Varus,Sejuani,Vi,Sivir,Sylas,Ryze,Gnar,Akali,Heimerdinger,K'Sante,Azir,Gwen,Kalista,Support,Jungle,Bot,Mid,Top,Bot,Jungle,Mid,Top,Support,SB,https://www.youtube.com/live/X_jRU590f5k?feature=share&t=14243
Week 3,Gen.G,Liiv SANDBOX,0 - 1,2,13.1,Akali,Lucian,Kassadin,Yuumi,Caitlyn,Elise,Maokai,Varus,Ashe,Jhin,Heimerdinger,Sejuani,Ryze,K'Sante,LeBlanc,Irelia,Sylas,Renekton,Azir,Gnar,Jungle,Bot,Support,Top,Mid,Bot,Support,Jungle,Mid,Top,SB,https://www.youtube.com/live/X_jRU590f5k?feature=share&t=10845
Week 3,Kwangdong Freecs,KT Rolster,2 - 0,1,13.1,Elise,Ashe,Lucian,Maokai,Caitlyn,Yuumi,Varus,Sejuani,K'Sante,Wukong,Heimerdinger,Kassadin,Gwen,Ezreal,Yone,Draven,Sivir,Tristana,Jax,Karma,Bot,Jungle,Support,Mid,Top,Jungle,Top,Mid,Bot,Support,SB,https://www.youtube.com/live/X_jRU590f5k?feature=share&t=5149
Week 3,KT Rolster,Kwangdong Freecs,0 - 1,2,13.1,Ashe,Elise,Kassadin,Lucian,Ryze,Caitlyn,Yuumi,Zeri,Maokai,Sejuani,Sivir,Lulu,Sylas,Akali,Azir,Jax,K'Sante,Syndra,Renekton,Viktor,Support,Jungle,Bot,Mid,Top,Bot,Jungle,Support,Top,Mid,SB,https://www.youtube.com/live/X_jRU590f5k?feature=share&t=1854
Week 3,Hanwha Life Esports,T1,02월 01일,1,13.1,Caitlyn,Lucian,Ashe,Yuumi,Jayce,Varus,Elise,Maokai,K'Sante,Draven,Kassadin,Yone,Jax,Kalista,Sett,Samira,Jinx,Heimerdinger,Sion,Soraka,Jungle,Bot,Mid,Support,Top,Jungle,Top,Mid,Bot,Support,SB,https://www.youtube.com/live/V4X2wUXF1gE?feature=share&t=21259
Week 3,T1,Hanwha Life Esports,01월 01일,2,13.1,Maokai,Caitlyn,Kassadin,Ashe,Zeri,Elise,Nami,Lucian,Wukong,Vi,Draven,Yuumi,Ryze,K'Sante,LeBlanc,Sylas,Akali,Renekton,Taliyah,Ornn,Support,Jungle,Bot,Top,Mid,Bot,Jungle,Support,Mid,Top,SB,https://www.youtube.com/live/V4X2wUXF1gE?feature=share&t=17576
Week 3,Hanwha Life Esports,T1,0 - 1,2,13.1,Ashe,Lucian,Caitlyn,Yuumi,Elise,Heimerdinger,Varus,Jayce,Sejuani,K'Sante,Maokai,Kassadin,Yone,Draven,Nautilus,Karma,Ziggs,Irelia,Rakan,Jhin,Bot,Top,Jungle,Mid,Support,Top,Jungle,Mid,Bot,Support,SB,https://www.youtube.com/live/V4X2wUXF1gE?feature=share&t=13591
Week 3,DRX,BRION,01월 02일,2,13.1,Yuumi,Caitlyn,Lucian,Ashe,Maokai,Heimerdinger,Varus,Zeri,Elise,Sejuani,Ryze,Kassadin,Fiora,Renekton,Jax,Lulu,K'Sante,Jayce,Twitch,Nautilus,Bot,Jungle,Mid,Top,Support,Bot,Jungle,Mid,Top,Support,SB,https://www.youtube.com/live/V4X2wUXF1gE?feature=share&t=8024
Week 3,BRION,DRX,01월 01일,2,13.1,Caitlyn,Yuumi,Ashe,Lucian,K'Sante,Sejuani,Maokai,Varus,Heimerdinger,Jhin,Karma,Elise,Azir,Kassadin,Renekton,Ryze,Sylas,Akali,Fiora,Jayce,Jungle,Bot,Support,Mid,Top,Bot,Support,Jungle,Mid,Top,SB,https://www.youtube.com/live/V4X2wUXF1gE?feature=share&t=5118
Week 3,DRX,BRION,0 - 1,2,13.1,Renekton,Caitlyn,Yuumi,Ashe,Varus,K'Sante,Nami,Zeri,Maokai,Elise,Lucian,Lulu,Azir,Kassadin,Ryze,Syndra,Sylas,Jayce,Jax,Fiora,Support,Jungle,Bot,Mid,Top,Bot,Jungle,Support,Mid,Top,SB,https://www.youtube.com/live/V4X2wUXF1gE?feature=share&t=1870
Week 3,Gen.G,Dplus KIA,2 - 0,1,13.1,Caitlyn,Elise,Lucian,Wukong,Ashe,Azir,Zeri,Yuumi,Sejuani,Vi,Lulu,Sivir,Renekton,Kassadin,Akali,Ryze,Sylas,K'Sante,LeBlanc,Gnar,Bot,Jungle,Support,Top,Mid,Support,Jungle,Bot,Mid,Top,SB,https://www.youtube.com/live/PaIJYDe0DJU?feature=share&t=15211
Week 3,Gen.G,Dplus KIA,1 - 0,1,13.1,Caitlyn,Elise,Lucian,Azir,Ashe,Maokai,Zeri,Yuumi,Sejuani,Wukong,Lulu,Sivir,Sylas,Kassadin,Renekton,Ryze,K'Sante,Gnar,Akali,Swain,Bot,Jungle,Support,Top,Mid,Support,Jungle,Bot,Top,Mid,SB,https://www.youtube.com/live/PaIJYDe0DJU?feature=share&t=11709
Week 3,Nongshim RedForce,Liiv SANDBOX,0 - 2,2,13.1,Ashe,Yuumi,Maokai,Lucian,Varus,Elise,Karma,Caitlyn,Sejuani,Wukong,Jhin,Lux,Ryze,Kassadin,Renekton,K'Sante,Fiora,Akali,Jax,Sylas,Support,Jungle,Bot,Mid,Top,Bot,Jungle,Support,Top,Mid,SB,https://www.youtube.com/live/PaIJYDe0DJU?feature=share&t=5980
Week 3,Liiv SANDBOX,Nongshim RedForce,1 - 0,1,13.1,Renekton,Ashe,Yuumi,Lucian,K'Sante,Caitlyn,Varus,Karma,Jhin,Maokai,Heimerdinger,Sejuani,Gnar,Sylas,Akali,Kassadin,Jax,Jayce,Fiora,Syndra,Bot,Jungle,Support,Mid,Top,Support,Bot,Jungle,Top,Mid,SB,https://www.youtube.com/live/PaIJYDe0DJU?feature=share&t=2732
Week 2,Kwangdong Freecs,DRX,0 - 2,2,13.1,Vi,Yuumi,Elise,Nami,Kassadin,Maokai,Ashe,Varus,Caitlyn,Sejuani,Karma,Wukong,Jax,Ryze,Fiora,Azir,K'Sante,Renekton,Viktor,Sylas,Bot,Jungle,Support,Top,Mid,Bot,Support,Jungle,Top,Mid,SB,https://www.youtube.com/live/UzL-Usynusg?feature=share&t=18908
Week 2,Kwangdong Freecs,DRX,0 - 1,2,13.1,Vi,Yuumi,Elise,Lucian,Ashe,Maokai,Varus,Caitlyn,Sejuani,Wukong,Karma,K'Sante,Heimerdinger,Kassadin,Ryze,Azir,Sivir,Gwen,Viktor,Akali,Bot,Jungle,Support,Top,Mid,Support,Jungle,Top,Bot,Mid,SB,https://www.youtube.com/live/UzL-Usynusg?feature=share&t=14893
Week 2,Gen.G,Hanwha Life Esports,02월 01일,1,13.1,Zeri,Maokai,Vi,Elise,Caitlyn,Yuumi,Nami,Varus,Ashe,Wukong,Lucian,Sejuani,Ryze,Akali,Sylas,Taliyah,K'Sante,Azir,Gnar,Kassadin,Support,Jungle,Bot,Mid,Top,Bot,Support,Jungle,Top,Mid,SB,https://www.youtube.com/live/UzL-Usynusg?feature=share&t=9037
Week 2,Gen.G,Hanwha Life Esports,01월 01일,2,13.1,Caitlyn,Elise,Heimerdinger,Maokai,Yuumi,Ryze,Nami,Zeri,Vi,Wukong,Lucian,Lulu,Renekton,Akali,Kassadin,Ahri,K'Sante,Azir,Fiora,Taliyah,Support,Jungle,Bot,Mid,Top,Bot,Jungle,Support,Top,Mid,SB,https://www.youtube.com/live/UzL-Usynusg?feature=share&t=5383
Week 2,Hanwha Life Esports,Gen.G,0 - 1,2,13.1,Wukong,Caitlyn,Elise,Lucian,Sylas,Yuumi,Varus,Maokai,Heimerdinger,Ashe,Sejuani,Jhin,Akali,Renekton,Kassadin,Fiora,K'Sante,Gnar,Viktor,Irelia,Bot,Support,Jungle,Top,Mid,Jungle,Support,Bot,Top,Mid,SB,https://www.youtube.com/live/UzL-Usynusg?feature=share&t=1765
Week 2,BRION,Liiv SANDBOX,01월 02일,2,13.1,Wukong,Lucian,Sylas,Renekton,Karma,Ryze,Varus,Ashe,Maokai,Sejuani,Jax,Heimerdinger,Kassadin,Akali,Syndra,Azir,K'Sante,Soraka,Viktor,Irelia,Bot,Jungle,Top,Support,Mid,Bot,Jungle,Support,Top,Mid,SB,https://www.youtube.com/live/ZTnhKrjURdw?feature=share&t=23027
Week 2,BRION,Liiv SANDBOX,01월 01일,2,13.1,Wukong,Maokai,Sylas,Lucian,Karma,Ryze,Varus,Ashe,Sejuani,Renekton,Elise,Heimerdinger,Leona,Akali,Nautilus,Kassadin,Azir,Soraka,Syndra,Fiora,Bot,Top,Jungle,Support,Mid,Bot,Jungle,Support,Mid,Top,SB,https://www.youtube.com/live/ZTnhKrjURdw?feature=share&t=18651
Week 2,BRION,Liiv SANDBOX,1 - 0,1,13.1,Wukong,Maokai,Sylas,Lucian,Karma,Renekton,Varus,Ashe,Sivir,Ryze,Sejuani,Kassadin,Alistar,Vi,Heimerdinger,Elise,Nocturne,Jax,Nautilus,K'Sante,Bot,Mid,Jungle,Top,Support,Support,Bot,Mid,Jungle,Top,SB,https://www.youtube.com/live/ZTnhKrjURdw?feature=share&t=15343
Week 2,Dplus KIA,T1,01월 02일,2,13.1,Ashe,Lucian,Varus,Caitlyn,Galio,Yuumi,Ryze,Jayce,Sejuani,Zeri,Lulu,Kassadin,Elise,Sivir,Vi,Ezreal,Draven,Graves,Ornn,Kalista,Mid,Bot,Support,Jungle,Top,Top,Jungle,Mid,Bot,Support,SB,https://www.youtube.com/live/ZTnhKrjURdw?feature=share&t=9693
Week 2,T1,Dplus KIA,01월 01일,1,13.1,Maokai,Ashe,Ryze,Elise,Varus,Caitlyn,Nami,Yuumi,Sejuani,Vi,Lucian,Zeri,Jayce,Kassadin,Gnar,Taliyah,K'Sante,Azir,Jax,Akali,Support,Jungle,Bot,Mid,Top,Support,Jungle,Bot,Top,Mid,SB,https://www.youtube.com/live/ZTnhKrjURdw?feature=share&t=6296
Week 2,T1,Dplus KIA,0 - 1,2,13.1,Maokai,Ashe,Ryze,Elise,Varus,Caitlyn,Nami,Yuumi,Sejuani,Wukong,Lucian,Zeri,Renekton,Kassadin,Jayce,K'Sante,Gnar,Azir,Yone,Taliyah,Support,Jungle,Bot,Mid,Top,Support,Jungle,Bot,Top,Mid,SB,https://www.youtube.com/live/ZTnhKrjURdw?feature=share&t=2814
Week 2,Hanwha Life Esports,KT Rolster,0 - 2,2,13.1,Yuumi,Lucian,Ryze,Maokai,Karma,Ashe,Caitlyn,Varus,Elise,Sejuani,Lux,Leona,Sylas,Renekton,Kassadin,Jax,K'Sante,Fiora,Yone,Azir,Bot,Jungle,Support,Top,Mid,Bot,Jungle,Support,Top,Mid,SB,https://www.youtube.com/live/G4q2wh7htFM?feature=share&t=17058
Week 2,Hanwha Life Esports,KT Rolster,0 - 1,2,13.1,Wukong,Lucian,Yuumi,Ashe,Caitlyn,Maokai,Varus,Karma,Sejuani,Heimerdinger,Gnar,Ezreal,Elise,K'Sante,Sylas,Irelia,Camille,Ryze,Kindred,Twisted Fate,Bot,Support,Top,Mid,Jungle,Support,Jungle,Bot,Top,Mid,SB,https://www.youtube.com/live/G4q2wh7htFM?feature=share&t=13841
Week 2,Nongshim RedForce,DRX,02월 01일,1,13.1,Caitlyn,Wukong,Ryze,Lucian,Ashe,Maokai,Yuumi,Zeri,Sejuani,Vi,Sivir,Lulu,Renekton,Kassadin,Akali,Fiora,Sylas,Azir,K'Sante,Jax,Support,Jungle,Bot,Mid,Top,Bot,Jungle,Support,Mid,Top,SB,https://www.youtube.com/live/G4q2wh7htFM?feature=share&t=8182
Week 2,DRX,Nongshim RedForce,01월 01일,2,13.1,Wukong,Caitlyn,Ashe,Ryze,Sejuani,Jax,Maokai,Nami,Lucian,Yuumi,Zeri,Elise,Fiora,Kassadin,Azir,Yone,Sylas,Syndra,Renekton,K'Sante,Jungle,Support,Bot,Mid,Top,Support,Bot,Jungle,Mid,Top,SB,https://www.youtube.com/live/G4q2wh7htFM?feature=share&t=5358
Week 2,DRX,Nongshim RedForce,1 - 0,1,13.1,Wukong,Caitlyn,Ashe,Ryze,Sejuani,Jax,Maokai,Nami,Lucian,Yuumi,Zeri,Elise,Fiora,Kassadin,Gnar,Sylas,Renekton,K'Sante,Azir,Akali,Jungle,Support,Bot,Top,Mid,Support,Bot,Jungle,Top,Mid,SB,https://www.youtube.com/live/G4q2wh7htFM?feature=share&t=1876
Week 2,Kwangdong Freecs,T1,0 - 2,2,13.1,Vi,Wukong,Elise,Lucian,Ryze,K'Sante,Maokai,Varus,Sejuani,Zeri,Yuumi,Caitlyn,Jax,Sylas,Ziggs,Kassadin,Azir,Renekton,Akali,Jayce,Jungle,Bot,Support,Top,Mid,Bot,Jungle,Support,Mid,Top,SB,https://youtu.be/c_ZhrMCjtB4?t=13757
Week 2,T1,Kwangdong Freecs,1 - 0,1,13.1,Maokai,Vi,Ryze,Azir,Varus,Jayce,Caitlyn,Lucian,Nami,Elise,Ashe,Sejuani,Renekton,Jax,Karma,K'Sante,Fiora,Sett,Kennen,Viktor,Bot,Jungle,Support,Mid,Top,Bot,Support,Jungle,Top,Mid,SB,https://youtu.be/c_ZhrMCjtB4?t=10746
Week 2,BRION,Gen.G,0 - 2,2,13.1,Sylas,Caitlyn,Yuumi,Lucian,Ashe,Ryze,Maokai,Varus,Heimerdinger,Jhin,Karma,K'Sante,Fiora,Kassadin,Renekton,Vi,Wukong,Gnar,Azir,Corki,Jungle,Bot,Support,Top,Mid,Bot,Support,Top,Jungle,Mid,SB,https://youtu.be/c_ZhrMCjtB4?t=5037
Week 2,Gen.G,BRION,1 - 0,1,13.1,Ashe,Ryze,Maokai,Lucian,Caitlyn,Yuumi,Varus,Karma,Sejuani,Heimerdinger,Sylas,Jhin,Wukong,Kassadin,K'Sante,Renekton,Jax,Fiora,Vi,Azir,Bot,Support,Mid,Top,Jungle,Support,Jungle,Bot,Top,Mid,SB,https://youtu.be/c_ZhrMCjtB4?t=1817
Week 2,Liiv SANDBOX,KT Rolster,02월 01일,1,13.1,Yuumi,Maokai,Ryze,Ashe,Caitlyn,Akali,Nami,Zeri,Vi,Wukong,Lucian,Lulu,Sylas,Kassadin,LeBlanc,Jayce,Syndra,Ahri,K'Sante,Fiora,Support,Jungle,Bot,Mid,Top,Bot,Jungle,Support,Mid,Top,SB,https://youtu.be/M7hAmO9PwXo?t=18724
Week 2,KT Rolster,Liiv SANDBOX,01월 01일,1,13.1,Ashe,Yuumi,Wukong,Lucian,Varus,Maokai,Caitlyn,Karma,Sejuani,Lux,Vi,Ezreal,Ryze,Sylas,Renekton,Kassadin,Akali,Twisted Fate,Jax,K'Sante,Bot,Support,Jungle,Mid,Top,Support,Jungle,Bot,Mid,Top,SB,https://youtu.be/M7hAmO9PwXo?t=15509
Week 2,Liiv SANDBOX,KT Rolster,1 - 0,1,13.1,Yuumi,Maokai,Sejuani,Sylas,Ryze,Akali,Ashe,Caitlyn,Wukong,Elise,Varus,Karma,Renekton,Kassadin,Jayce,Lux,K'Sante,Gnar,Azir,Nautilus,Support,Jungle,Bot,Top,Mid,Bot,Jungle,Mid,Top,Support,SB,https://youtu.be/M7hAmO9PwXo?t=11707
Week 2,Dplus KIA,Nongshim RedForce,2 - 0,1,13.1,Wukong,Caitlyn,Ashe,Elise,Kassadin,Ryze,Sejuani,Zeri,Yuumi,Lucian,Nami,Vi,Gnar,Ahri,Jayce,Renekton,K'Sante,Fiora,Sylas,Azir,Jungle,Bot,Support,Top,Mid,Bot,Support,Jungle,Top,Mid,SB,https://youtu.be/M7hAmO9PwXo?t=5995
Week 2,Nongshim RedForce,Dplus KIA,0 - 1,2,13.1,Caitlyn,Wukong,Ryze,Vi,Ashe,Viego,Yuumi,Lucian,Elise,Sejuani,Zeri,Nami,Jax,Kassadin,K'Sante,Gnar,Jayce,Irelia,Syndra,Renekton,Support,Jungle,Bot,Top,Mid,Bot,Jungle,Support,Mid,Top,SB,https://youtu.be/M7hAmO9PwXo?t=2673
Week 1,KT Rolster,Nongshim RedForce,02월 01일,1,13.1,Ashe,Maokai,Vi,Caitlyn,Yuumi,Lucian,Ryze,Varus,Syndra,Karma,Ezreal,Heimerdinger,Gnar,Wukong,Elise,K'Sante,Sejuani,Zac,Renekton,Jax,Mid,Support,Bot,Jungle,Top,Bot,Mid,Support,Jungle,Top,SB,https://youtu.be/GpLc0LHrGxc?t=22293
Week 1,KT Rolster,Nongshim RedForce,01월 01일,1,13.1,Ashe,Maokai,Vi,Caitlyn,Renekton,Ryze,Zeri,Yuumi,Wukong,Lulu,Sejuani,Sivir,Gnar,Syndra,Fiora,Sylas,Kassadin,Yone,Jax,K'Sante,Bot,Support,Jungle,Mid,Top,Support,Jungle,Bot,Mid,Top,SB,https://youtu.be/GpLc0LHrGxc?t=18920
Week 1,KT Rolster,Nongshim RedForce,0 - 1,2,13.1,Ashe,Maokai,Vi,Caitlyn,Renekton,Ryze,Sejuani,Yuumi,Zeri,Nami,Lucian,Wukong,Gnar,Kassadin,Fiora,Akali,K'Sante,Syndra,Urgot,Sylas,Jungle,Support,Bot,Mid,Top,Support,Bot,Jungle,Top,Mid,SB,https://youtu.be/GpLc0LHrGxc?t=15636
Week 1,Hanwha Life Esports,Liiv SANDBOX,01월 02일,2,13.1,Ashe,Lucian,Maokai,Caitlyn,Akali,Yuumi,Heimerdinger,Varus,Karma,Ezreal,Sejuani,Wukong,Ryze,Fiora,Kassadin,K'Sante,Sylas,Azir,Renekton,Gnar,Support,Bot,Jungle,Mid,Top,Bot,Support,Jungle,Mid,Top,SB,https://youtu.be/GpLc0LHrGxc?t=9427
Week 1,Hanwha Life Esports,Liiv SANDBOX,01월 01일,1,13.1,Ashe,Lucian,Maokai,Caitlyn,Wukong,Yuumi,Zeri,Varus,Heimerdinger,Vi,Lulu,Sejuani,Ryze,Syndra,Ahri,Kassadin,Akali,Sylas,K'Sante,Fiora,Bot,Jungle,Support,Mid,Top,Bot,Support,Jungle,Mid,Top,SB,https://youtu.be/GpLc0LHrGxc?t=5777
Week 1,Hanwha Life Esports,Liiv SANDBOX,0 - 1,2,13.1,Ashe,Lucian,Maokai,Caitlyn,Varus,Yuumi,Zeri,Karma,Ezreal,Heimerdinger,Sejuani,Wukong,Ryze,Renekton,Kassadin,Fiora,Akali,Jax,Azir,K'Sante,Bot,Support,Jungle,Top,Mid,Support,Bot,Jungle,Mid,Top,SB,https://youtu.be/GpLc0LHrGxc?t=1912
Week 1,BRION,Kwangdong Freecs,02월 01일,1,13.1,Sejuani,Vi,Ashe,Ryze,Yuumi,Maokai,Nami,Zeri,Wukong,Lucian,Renekton,Lulu,Elise,Kassadin,Poppy,Gwen,Gnar,Lillia,Azir,Karma,Support,Bot,Top,Jungle,Mid,Bot,Jungle,Support,Top,Mid,SB,https://www.youtube.com/live/HJvgVTKu6R8?feature=share&t=18875
Week 1,Kwangdong Freecs,BRION,01월 01일,1,13.1,Vi,Ashe,Renekton,Varus,Ryze,Caitlyn,Zeri,Nami,Maokai,Sejuani,Yuumi,Lucian,Jax,Kassadin,Fiora,Akali,Syndra,K'Sante,Viktor,Gnar,Bot,Jungle,Support,Top,Mid,Support,Jungle,Bot,Mid,Top,SB,https://www.youtube.com/live/HJvgVTKu6R8?feature=share&t=15478
Week 1,Kwangdong Freecs,BRION,0 - 1,2,13.1,Vi,Ashe,Renekton,Caitlyn,Ryze,Varus,Zeri,Nami,Maokai,Sejuani,Yuumi,Lucian,K'Sante,Kassadin,Fiora,Akali,Syndra,Sylas,Jax,Gnar,Bot,Jungle,Support,Mid,Top,Support,Jungle,Bot,Mid,Top,SB,https://www.youtube.com/live/HJvgVTKu6R8?feature=share&t=11835
Week 1,DRX,Gen.G,0 - 2,2,13.1,Ryze,Ashe,Maokai,Heimerdinger,Caitlyn,Jax,Nami,Zeri,Wukong,Sejuani,Lucian,Yuumi,Renekton,Kassadin,Fiora,Jayce,K'Sante,Sylas,Camille,Akali,Support,Jungle,Bot,Mid,Top,Bot,Jungle,Support,Top,Mid,SB,https://www.youtube.com/live/HJvgVTKu6R8?feature=share&t=5935
Week 1,Gen.G,DRX,1 - 0,1,13.1,Ashe,Yuumi,Heimerdinger,Ryze,Twitch,Lucian,Maokai,Varus,Vi,Jhin,Karma,Soraka,Jayce,Jax,Gnar,Kassadin,Fiora,Renekton,Sylas,Viktor,Jungle,Bot,Support,Top,Mid,Bot,Jungle,Support,Top,Mid,SB,https://www.youtube.com/live/HJvgVTKu6R8?feature=share&t=2595
Week 1,Dplus KIA,Liiv SANDBOX,2 - 0,1,13.1,Akali,Caitlyn,Sejuani,Ryze,Ashe,Elise,Nami,Zeri,Vi,Maokai,Lucian,Lulu,Jayce,Kassadin,Syndra,Ahri,Azir,LeBlanc,Gnar,Fiora,Support,Jungle,Bot,Mid,Top,Bot,Jungle,Support,Mid,Top,SB,https://www.youtube.com/live/9RQQ7qdJSb0?feature=share&t=16968
Week 1,Dplus KIA,Liiv SANDBOX,1 - 0,1,13.1,Akali,Caitlyn,Sejuani,Ryze,Ashe,Elise,Nami,Zeri,Vi,Maokai,Lucian,Lulu,Jayce,Kassadin,Syndra,Sylas,K'Sante,Azir,Renekton,Ahri,Support,Jungle,Bot,Mid,Top,Bot,Jungle,Support,Top,Mid,SB,https://www.youtube.com/live/9RQQ7qdJSb0?feature=share&t=14003
Week 1,T1,KT Rolster,02월 01일,1,13.1,Maokai,Caitlyn,Yuumi,Lissandra,Lulu,Lucian,Ashe,Ryze,Heimerdinger,Varus,Sejuani,Wukong,Syndra,Ezreal,Azir,Sivir,K'Sante,Kassadin,Renekton,Zeri,Support,Bot,Jungle,Mid,Top,Mid,Support,Jungle,Top,Bot,SB,https://www.youtube.com/live/9RQQ7qdJSb0?feature=share&t=8278
Week 1,T1,KT Rolster,01월 01일,1,13.1,Maokai,Caitlyn,Ryze,Lissandra,Lulu,LeBlanc,Yuumi,Nami,Wukong,Sivir,Vi,Lucian,Azir,Kassadin,Syndra,Jax,Karma,K'Sante,Orianna,Gnar,Support,Bot,Jungle,Top,Mid,Support,Jungle,Bot,Mid,Top,SB,https://www.youtube.com/live/9RQQ7qdJSb0?feature=share&t=5066
Week 1,T1,KT Rolster,0 - 1,2,13.1,Maokai,Caitlyn,Sejuani,Lissandra,Ryze,LeBlanc,Yuumi,Zeri,Wukong,Vi,Sivir,Lulu,Jayce,Kassadin,Azir,K'Sante,Syndra,Gnar,Galio,Jax,Support,Jungle,Bot,Top,Mid,Bot,Jungle,Support,Mid,Top,SB,https://www.youtube.com/live/9RQQ7qdJSb0?feature=share&t=2078
Week 1,BRION,Nongshim RedForce,2 - 0,1,13.1,Vi,Caitlyn,Yuumi,Varus,Ashe,Maokai,Ryze,Zeri,Viktor,Lucian,Nami,Lulu,Camille,Wukong,Elise,Jayce,Viego,Sejuani,Renekton,Gragas,Mid,Bot,Support,Jungle,Top,Bot,Mid,Support,Jungle,Top,SB,https://youtu.be/tZmMFmXiGLs?t=16578
Week 1,Nongshim RedForce,BRION,0 - 1,2,13.1,Ashe,K'Sante,Varus,Ryze,Caitlyn,Yuumi,Zeri,Nami,Maokai,Vi,Lulu,Lucian,Jayce,Camille,Ahri,Kassadin,Azir,Renekton,Akali,Fiora,Bot,Jungle,Support,Top,Mid,Support,Jungle,Bot,Mid,Top,SB,https://youtu.be/tZmMFmXiGLs?t=12814
Week 1,Kwangdong Freecs,Hanwha Life Esports,0 - 2,2,13.1,Vi,Yuumi,Ryze,Caitlyn,Elise,Ashe,Varus,Nami,Maokai,Karma,Sejuani,Lucian,K'Sante,Kassadin,Jax,Jayce,Gnar,Viktor,Fiora,Akali,Bot,Support,Jungle,Mid,Top,Support,Jungle,Bot,Top,Mid,SB,https://youtu.be/tZmMFmXiGLs?t=6576
Week 1,Kwangdong Freecs,Hanwha Life Esports,0 - 1,2,13.1,Vi,Yuumi,Ryze,Caitlyn,Elise,K'Sante,Ashe,Maokai,Varus,Sejuani,Heimerdinger,Jhin,Jax,Kassadin,Fiora,Jayce,Sylas,Taliyah,Aatrox,Gnar,Bot,Jungle,Support,Mid,Top,Jungle,Bot,Support,Mid,Top,SB,https://youtu.be/tZmMFmXiGLs?t=2553
Week 1,T1,Gen.G,2 - 0,1,13.1,Maokai,Caitlyn,Elise,Yuumi,Ryze,Varus,Nami,Zeri,Vi,Wukong,Lucian,Lulu,Azir,Kassadin,LeBlanc,K'Sante,Ahri,Lissandra,Fiora,Jayce,Support,Jungle,Bot,Mid,Top,Bot,Jungle,Support,Mid,Top,SB,https://youtu.be/yhQgTwWFiDc?t=16703
Week 1,T1,Gen.G,1 - 0,1,13.1,Maokai,Caitlyn,Ryze,Yuumi,Ashe,Varus,Nami,Zeri,Lulu,Lucian,Vi,K'Sante,Fiora,Wukong,Jayce,Kassadin,Elise,Azir,Gnar,Taliyah,Support,Bot,Jungle,Mid,Top,Bot,Support,Top,Jungle,Mid,SB,https://youtu.be/yhQgTwWFiDc?t=13090
Week 1,Dplus KIA,DRX,2 - 0,1,13.1,Ashe,Ryze,Sejuani,Lucian,Heimerdinger,Caitlyn,Yuumi,Zeri,Maokai,Sivir,Gnar,Lulu,Sylas,Tryndamere,Kassadin,Renekton,Jax,Syndra,Lee Sin,Viktor,Support,Bot,Top,Mid,Jungle,Bot,Jungle,Support,Top,Mid,SB,https://youtu.be/yhQgTwWFiDc?t=6632
Week 1,Dplus KIA,DRX,1 - 0,1,13.1,Ashe,Varus,Sejuani,Caitlyn,Twitch,Jayce,Ryze,Yuumi,Maokai,Lucian,Nami,Zeri,Sylas,Syndra,Vi,Renekton,Taliyah,Elise,Gnar,Jax,Mid,Bot,Support,Jungle,Top,Support,Jungle,Bot,Mid,Top,SB,https://youtu.be/yhQgTwWFiDc?t=3323